date_time,maxtempC,mintempC,totalSnow_cm,sunHour,uvIndex,moon_illumination,moonrise,moonset,sunrise,sunset,DewPointC,FeelsLikeC,HeatIndexC,WindChillC,WindGustKmph,cloudcover,humidity,precipMM,pressure,tempC,visibility,winddirDegree,windspeedKmph,location
2021-02-21 00:00:00,24,22,0.0,8.8,5,65,12:47 PM,01:21 AM,06:30 AM,06:12 PM,20,25,25,23,28,75,85,1.8,1014,23,9,87,17,Vijayawada
2021-02-21 03:00:00,24,22,0.0,8.8,5,65,12:47 PM,01:21 AM,06:30 AM,06:12 PM,20,25,25,22,20,70,89,4.3,1013,22,7,75,12,Vijayawada
2021-02-21 06:00:00,24,22,0.0,8.8,5,65,12:47 PM,01:21 AM,06:30 AM,06:12 PM,21,25,25,22,17,79,91,5.3,1015,22,8,79,9,Vijayawada
2021-02-21 09:00:00,24,22,0.0,8.8,5,65,12:47 PM,01:21 AM,06:30 AM,06:12 PM,21,25,25,23,13,77,87,1.8,1016,23,10,86,9,Vijayawada
2021-02-21 12:00:00,24,22,0.0,8.8,5,65,12:47 PM,01:21 AM,06:30 AM,06:12 PM,21,26,26,24,8,67,83,1.3,1015,24,10,66,6,Vijayawada
2021-02-21 15:00:00,24,22,0.0,8.8,5,65,12:47 PM,01:21 AM,06:30 AM,06:12 PM,21,26,26,24,8,55,80,0.0,1013,24,10,100,6,Vijayawada
2021-02-21 18:00:00,24,22,0.0,8.8,5,65,12:47 PM,01:21 AM,06:30 AM,06:12 PM,21,26,26,24,9,47,81,0.0,1013,24,10,191,6,Vijayawada
2021-02-21 21:00:00,24,22,0.0,8.8,5,65,12:47 PM,01:21 AM,06:30 AM,06:12 PM,20,25,25,22,10,49,90,0.0,1014,22,10,212,6,Vijayawada
2021-02-22 00:00:00,33,21,0.0,11.6,7,73,01:37 PM,02:13 AM,06:29 AM,06:12 PM,20,22,23,22,7,45,92,0.0,1014,22,10,261,4,Vijayawada
2021-02-22 03:00:00,33,21,0.0,11.6,7,73,01:37 PM,02:13 AM,06:29 AM,06:12 PM,20,21,21,21,10,36,93,0.0,1013,21,7,355,5,Vijayawada
2021-02-22 06:00:00,33,21,0.0,11.6,7,73,01:37 PM,02:13 AM,06:29 AM,06:12 PM,20,22,22,22,9,60,89,0.0,1014,22,5,358,6,Vijayawada
2021-02-22 09:00:00,33,21,0.0,11.6,7,73,01:37 PM,02:13 AM,06:29 AM,06:12 PM,20,29,29,27,7,51,67,0.0,1016,27,10,283,6,Vijayawada
2021-02-22 12:00:00,33,21,0.0,11.6,7,73,01:37 PM,02:13 AM,06:29 AM,06:12 PM,18,34,34,32,8,19,43,0.0,1014,32,10,141,6,Vijayawada
2021-02-22 15:00:00,33,21,0.0,11.6,7,73,01:37 PM,02:13 AM,06:29 AM,06:12 PM,17,34,34,33,13,27,40,0.0,1011,33,10,161,10,Vijayawada
2021-02-22 18:00:00,33,21,0.0,11.6,7,73,01:37 PM,02:13 AM,06:29 AM,06:12 PM,19,31,31,29,22,17,58,0.0,1012,29,10,182,15,Vijayawada
2021-02-22 21:00:00,33,21,0.0,11.6,7,73,01:37 PM,02:13 AM,06:29 AM,06:12 PM,21,29,29,27,16,7,80,0.0,1013,27,10,193,9,Vijayawada
2021-02-23 00:00:00,35,23,0.0,11.6,8,80,02:29 PM,03:07 AM,06:29 AM,06:13 PM,22,26,26,24,8,4,86,0.0,1012,24,10,181,5,Vijayawada
2021-02-23 03:00:00,35,23,0.0,11.6,8,80,02:29 PM,03:07 AM,06:29 AM,06:13 PM,22,26,26,23,4,4,92,0.0,1011,23,10,153,3,Vijayawada
2021-02-23 06:00:00,35,23,0.0,11.6,8,80,02:29 PM,03:07 AM,06:29 AM,06:13 PM,21,27,27,24,5,7,86,0.0,1012,24,10,116,3,Vijayawada
2021-02-23 09:00:00,35,23,0.0,11.6,8,80,02:29 PM,03:07 AM,06:29 AM,06:13 PM,21,34,34,31,5,1,60,0.0,1014,31,10,152,5,Vijayawada
2021-02-23 12:00:00,35,23,0.0,11.6,8,80,02:29 PM,03:07 AM,06:29 AM,06:13 PM,16,36,36,35,9,2,32,0.0,1012,35,10,186,8,Vijayawada
2021-02-23 15:00:00,35,23,0.0,11.6,8,80,02:29 PM,03:07 AM,06:29 AM,06:13 PM,15,36,36,35,14,6,30,0.0,1009,35,10,167,11,Vijayawada
2021-02-23 18:00:00,35,23,0.0,11.6,8,80,02:29 PM,03:07 AM,06:29 AM,06:13 PM,17,33,33,31,23,3,48,0.0,1009,31,10,172,17,Vijayawada
2021-02-23 21:00:00,35,23,0.0,11.6,8,80,02:29 PM,03:07 AM,06:29 AM,06:13 PM,20,31,31,28,11,2,70,0.0,1011,28,10,153,8,Vijayawada
2021-02-24 00:00:00,35,24,0.0,11.6,8,88,03:26 PM,04:01 AM,06:28 AM,06:13 PM,21,28,28,25,9,2,82,0.0,1012,25,10,123,6,Vijayawada
2021-02-24 03:00:00,35,24,0.0,11.6,8,88,03:26 PM,04:01 AM,06:28 AM,06:13 PM,22,26,26,24,4,1,89,0.0,1010,24,10,112,3,Vijayawada
2021-02-24 06:00:00,35,24,0.0,11.6,8,88,03:26 PM,04:01 AM,06:28 AM,06:13 PM,21,27,27,24,7,0,83,0.0,1011,24,10,101,6,Vijayawada
2021-02-24 09:00:00,35,24,0.0,11.6,8,88,03:26 PM,04:01 AM,06:28 AM,06:13 PM,19,31,31,29,10,0,56,0.0,1013,29,10,155,9,Vijayawada
2021-02-24 12:00:00,35,24,0.0,11.6,8,88,03:26 PM,04:01 AM,06:28 AM,06:13 PM,14,35,35,35,12,1,29,0.0,1012,35,10,170,10,Vijayawada
2021-02-24 15:00:00,35,24,0.0,11.6,8,88,03:26 PM,04:01 AM,06:28 AM,06:13 PM,13,35,35,35,17,3,28,0.0,1009,35,10,163,13,Vijayawada
2021-02-24 18:00:00,35,24,0.0,11.6,8,88,03:26 PM,04:01 AM,06:28 AM,06:13 PM,17,31,31,30,27,1,50,0.0,1010,30,10,178,20,Vijayawada
2021-02-24 21:00:00,35,24,0.0,11.6,8,88,03:26 PM,04:01 AM,06:28 AM,06:13 PM,20,30,30,26,14,0,73,0.0,1011,26,10,175,9,Vijayawada
2021-02-25 00:00:00,37,24,0.0,11.6,8,95,04:25 PM,04:53 AM,06:28 AM,06:13 PM,22,27,27,25,7,0,82,0.0,1011,25,10,161,5,Vijayawada
2021-02-25 03:00:00,37,24,0.0,11.6,8,95,04:25 PM,04:53 AM,06:28 AM,06:13 PM,22,27,27,24,2,0,88,0.0,1010,24,10,126,2,Vijayawada
2021-02-25 06:00:00,37,24,0.0,11.6,8,95,04:25 PM,04:53 AM,06:28 AM,06:13 PM,21,27,27,25,3,0,83,0.0,1011,25,10,127,3,Vijayawada
2021-02-25 09:00:00,37,24,0.0,11.6,8,95,04:25 PM,04:53 AM,06:28 AM,06:13 PM,19,32,32,30,9,0,56,0.0,1013,30,10,164,7,Vijayawada
2021-02-25 12:00:00,37,24,0.0,11.6,8,95,04:25 PM,04:53 AM,06:28 AM,06:13 PM,15,36,36,36,10,1,29,0.0,1011,36,10,204,9,Vijayawada
2021-02-25 15:00:00,37,24,0.0,11.6,8,95,04:25 PM,04:53 AM,06:28 AM,06:13 PM,13,36,36,37,14,3,26,0.0,1008,37,10,211,11,Vijayawada
2021-02-25 18:00:00,37,24,0.0,11.6,8,95,04:25 PM,04:53 AM,06:28 AM,06:13 PM,16,32,32,31,23,1,44,0.0,1008,31,10,186,16,Vijayawada
2021-02-25 21:00:00,37,24,0.0,11.6,8,95,04:25 PM,04:53 AM,06:28 AM,06:13 PM,19,29,29,27,13,0,65,0.0,1010,27,10,191,9,Vijayawada
2021-02-26 00:00:00,37,24,0.0,11.6,8,100,05:25 PM,05:43 AM,06:27 AM,06:14 PM,21,27,27,25,9,0,77,0.0,1009,25,10,213,6,Vijayawada
2021-02-26 03:00:00,37,24,0.0,11.6,8,100,05:25 PM,05:43 AM,06:27 AM,06:14 PM,19,26,26,24,8,0,77,0.0,1008,24,10,254,5,Vijayawada
2021-02-26 06:00:00,37,24,0.0,11.6,8,100,05:25 PM,05:43 AM,06:27 AM,06:14 PM,18,27,27,25,4,0,67,0.0,1009,25,10,273,3,Vijayawada
2021-02-26 09:00:00,37,24,0.0,11.6,8,100,05:25 PM,05:43 AM,06:27 AM,06:14 PM,15,31,31,31,9,0,41,0.0,1010,31,10,189,8,Vijayawada
2021-02-26 12:00:00,37,24,0.0,11.6,8,100,05:25 PM,05:43 AM,06:27 AM,06:14 PM,11,37,37,37,12,1,21,0.0,1009,37,10,205,10,Vijayawada
2021-02-26 15:00:00,37,24,0.0,11.6,8,100,05:25 PM,05:43 AM,06:27 AM,06:14 PM,11,37,37,37,17,3,22,0.0,1006,37,10,200,13,Vijayawada
2021-02-26 18:00:00,37,24,0.0,11.6,8,100,05:25 PM,05:43 AM,06:27 AM,06:14 PM,17,32,32,31,26,2,47,0.0,1007,31,10,180,19,Vijayawada
2021-02-26 21:00:00,37,24,0.0,11.6,8,100,05:25 PM,05:43 AM,06:27 AM,06:14 PM,21,32,32,29,8,1,70,0.0,1008,29,10,206,6,Vijayawada
2021-02-27 00:00:00,39,24,0.0,11.6,8,90,06:24 PM,06:29 AM,06:26 AM,06:14 PM,19,27,27,25,10,0,68,0.0,1008,25,10,220,6,Vijayawada
2021-02-27 03:00:00,39,24,0.0,11.6,8,90,06:24 PM,06:29 AM,06:26 AM,06:14 PM,18,26,26,24,9,0,71,0.0,1007,24,10,167,5,Vijayawada
2021-02-27 06:00:00,39,24,0.0,11.6,8,90,06:24 PM,06:29 AM,06:26 AM,06:14 PM,18,27,27,25,6,0,66,0.0,1008,25,10,84,5,Vijayawada
2021-02-27 09:00:00,39,24,0.0,11.6,8,90,06:24 PM,06:29 AM,06:26 AM,06:14 PM,16,32,32,32,8,0,42,0.0,1010,32,10,179,6,Vijayawada
2021-02-27 12:00:00,39,24,0.0,11.6,8,90,06:24 PM,06:29 AM,06:26 AM,06:14 PM,12,38,38,39,7,2,21,0.0,1008,39,10,202,6,Vijayawada
2021-02-27 15:00:00,39,24,0.0,11.6,8,90,06:24 PM,06:29 AM,06:26 AM,06:14 PM,11,38,38,38,17,4,22,0.0,1006,38,10,187,13,Vijayawada
2021-02-27 18:00:00,39,24,0.0,11.6,8,90,06:24 PM,06:29 AM,06:26 AM,06:14 PM,16,32,32,31,27,4,44,0.0,1006,31,10,179,19,Vijayawada
2021-02-27 21:00:00,39,24,0.0,11.6,8,90,06:24 PM,06:29 AM,06:26 AM,06:14 PM,19,31,31,29,12,3,64,0.0,1008,29,10,184,7,Vijayawada
2021-02-28 00:00:00,37,25,0.0,11.6,8,82,07:23 PM,07:14 AM,06:26 AM,06:14 PM,20,29,29,26,11,0,72,0.0,1008,26,10,156,7,Vijayawada
2021-02-28 03:00:00,37,25,0.0,11.6,8,82,07:23 PM,07:14 AM,06:26 AM,06:14 PM,21,27,27,25,4,0,81,0.0,1007,25,10,78,3,Vijayawada
2021-02-28 06:00:00,37,25,0.0,11.6,8,82,07:23 PM,07:14 AM,06:26 AM,06:14 PM,21,28,28,26,4,0,77,0.0,1008,26,10,110,3,Vijayawada
2021-02-28 09:00:00,37,25,0.0,11.6,8,82,07:23 PM,07:14 AM,06:26 AM,06:14 PM,20,34,34,32,5,0,52,0.0,1011,32,10,135,5,Vijayawada
2021-02-28 12:00:00,37,25,0.0,11.6,8,82,07:23 PM,07:14 AM,06:26 AM,06:14 PM,14,38,38,37,10,2,26,0.0,1009,37,10,165,8,Vijayawada
2021-02-28 15:00:00,37,25,0.0,11.6,8,82,07:23 PM,07:14 AM,06:26 AM,06:14 PM,13,37,37,37,18,6,27,0.0,1006,37,10,170,14,Vijayawada
2021-02-28 18:00:00,37,25,0.0,11.6,8,82,07:23 PM,07:14 AM,06:26 AM,06:14 PM,18,31,31,30,31,5,54,0.0,1008,30,10,177,22,Vijayawada
2021-02-28 21:00:00,37,25,0.0,11.6,8,82,07:23 PM,07:14 AM,06:26 AM,06:14 PM,21,30,30,27,19,3,80,0.0,1010,27,10,164,12,Vijayawada
2021-03-01 00:00:00,36,22,0.0,11.6,8,79,08:21 PM,07:57 AM,06:25 AM,06:14 PM,22,27,27,25,8,1,88,0.0,1011,25,10,152,6,Vijayawada
2021-03-01 03:00:00,36,22,0.0,11.6,8,79,08:21 PM,07:57 AM,06:25 AM,06:14 PM,21,25,25,22,7,6,93,0.0,1010,22,10,95,4,Vijayawada
2021-03-01 06:00:00,36,22,0.0,11.6,8,79,08:21 PM,07:57 AM,06:25 AM,06:14 PM,21,27,27,24,5,8,85,0.0,1011,24,10,87,3,Vijayawada
2021-03-01 09:00:00,36,22,0.0,11.6,8,79,08:21 PM,07:57 AM,06:25 AM,06:14 PM,20,33,33,31,8,0,55,0.0,1013,31,10,140,7,Vijayawada
2021-03-01 12:00:00,36,22,0.0,11.6,8,79,08:21 PM,07:57 AM,06:25 AM,06:14 PM,13,36,36,36,15,2,26,0.0,1012,36,10,181,13,Vijayawada
2021-03-01 15:00:00,36,22,0.0,11.6,8,79,08:21 PM,07:57 AM,06:25 AM,06:14 PM,12,35,35,35,23,7,26,0.0,1009,35,10,178,19,Vijayawada
2021-03-01 18:00:00,36,22,0.0,11.6,8,79,08:21 PM,07:57 AM,06:25 AM,06:14 PM,16,31,31,31,28,7,46,0.0,1010,31,10,179,20,Vijayawada
2021-03-01 21:00:00,36,22,0.0,11.6,8,79,08:21 PM,07:57 AM,06:25 AM,06:14 PM,20,29,29,27,17,5,75,0.0,1012,27,10,179,9,Vijayawada
2021-03-02 00:00:00,37,23,0.0,11.6,8,72,09:20 PM,08:40 AM,06:25 AM,06:15 PM,20,26,26,24,10,4,77,0.0,1012,24,10,186,6,Vijayawada
2021-03-02 03:00:00,37,23,0.0,11.6,8,72,09:20 PM,08:40 AM,06:25 AM,06:15 PM,21,25,25,23,5,5,88,0.0,1011,23,10,174,3,Vijayawada
2021-03-02 06:00:00,37,23,0.0,11.6,8,72,09:20 PM,08:40 AM,06:25 AM,06:15 PM,21,27,27,24,4,6,84,0.0,1012,24,10,240,3,Vijayawada
2021-03-02 09:00:00,37,23,0.0,11.6,8,72,09:20 PM,08:40 AM,06:25 AM,06:15 PM,20,33,33,31,9,2,55,0.0,1014,31,10,193,7,Vijayawada
2021-03-02 12:00:00,37,23,0.0,11.6,8,72,09:20 PM,08:40 AM,06:25 AM,06:15 PM,15,37,37,37,10,5,28,0.0,1012,37,10,185,9,Vijayawada
2021-03-02 15:00:00,37,23,0.0,11.6,8,72,09:20 PM,08:40 AM,06:25 AM,06:15 PM,13,36,36,37,17,13,24,0.0,1009,37,10,185,13,Vijayawada
2021-03-02 18:00:00,37,23,0.0,11.6,8,72,09:20 PM,08:40 AM,06:25 AM,06:15 PM,15,32,32,32,29,12,42,0.0,1009,32,10,181,20,Vijayawada
2021-03-02 21:00:00,37,23,0.0,11.6,8,72,09:20 PM,08:40 AM,06:25 AM,06:15 PM,19,31,31,29,17,5,68,0.0,1011,29,10,178,10,Vijayawada
2021-03-03 00:00:00,36,23,0.0,11.6,8,65,10:19 PM,09:24 AM,06:24 AM,06:15 PM,21,29,29,27,7,4,85,0.0,1011,27,10,155,4,Vijayawada
2021-03-03 03:00:00,36,23,0.0,11.6,8,65,10:19 PM,09:24 AM,06:24 AM,06:15 PM,22,26,26,23,5,4,90,0.0,1010,23,10,110,3,Vijayawada
2021-03-03 06:00:00,36,23,0.0,11.6,8,65,10:19 PM,09:24 AM,06:24 AM,06:15 PM,21,27,27,24,7,5,84,0.0,1012,24,10,101,4,Vijayawada
2021-03-03 09:00:00,36,23,0.0,11.6,8,65,10:19 PM,09:24 AM,06:24 AM,06:15 PM,19,33,33,31,8,2,54,0.0,1014,31,10,143,6,Vijayawada
2021-03-03 12:00:00,36,23,0.0,11.6,8,65,10:19 PM,09:24 AM,06:24 AM,06:15 PM,14,36,36,36,13,4,26,0.0,1012,36,10,172,11,Vijayawada
2021-03-03 15:00:00,36,23,0.0,11.6,8,65,10:19 PM,09:24 AM,06:24 AM,06:15 PM,12,35,35,36,19,6,25,0.0,1009,36,10,167,16,Vijayawada
2021-03-03 18:00:00,36,23,0.0,11.6,8,65,10:19 PM,09:24 AM,06:24 AM,06:15 PM,16,31,31,30,30,2,46,0.0,1010,30,10,173,22,Vijayawada
2021-03-03 21:00:00,36,23,0.0,11.6,8,65,10:19 PM,09:24 AM,06:24 AM,06:15 PM,19,29,29,26,17,1,72,0.0,1012,26,10,168,11,Vijayawada
2021-03-04 00:00:00,35,24,0.0,11.6,8,57,11:20 PM,10:09 AM,06:23 AM,06:15 PM,23,27,27,25,6,0,87,0.0,1012,25,10,143,5,Vijayawada
2021-03-04 03:00:00,35,24,0.0,11.6,8,57,11:20 PM,10:09 AM,06:23 AM,06:15 PM,22,26,26,24,5,1,91,0.0,1011,24,10,117,4,Vijayawada
2021-03-04 06:00:00,35,24,0.0,11.6,8,57,11:20 PM,10:09 AM,06:23 AM,06:15 PM,21,27,27,24,7,3,84,0.0,1012,24,10,95,5,Vijayawada
2021-03-04 09:00:00,35,24,0.0,11.6,8,57,11:20 PM,10:09 AM,06:23 AM,06:15 PM,19,32,32,30,10,0,53,0.0,1014,30,10,133,9,Vijayawada
2021-03-04 12:00:00,35,24,0.0,11.6,8,57,11:20 PM,10:09 AM,06:23 AM,06:15 PM,12,34,34,35,17,1,24,0.0,1013,35,10,157,14,Vijayawada
2021-03-04 15:00:00,35,24,0.0,11.6,8,57,11:20 PM,10:09 AM,06:23 AM,06:15 PM,12,34,34,35,23,2,25,0.0,1010,35,10,161,19,Vijayawada
2021-03-04 18:00:00,35,24,0.0,11.6,8,57,11:20 PM,10:09 AM,06:23 AM,06:15 PM,16,31,31,30,25,0,48,0.0,1011,30,10,173,19,Vijayawada
2021-03-04 21:00:00,35,24,0.0,11.6,8,57,11:20 PM,10:09 AM,06:23 AM,06:15 PM,20,30,30,28,14,0,76,0.0,1013,28,10,180,10,Vijayawada
2021-03-05 00:00:00,36,24,0.0,11.6,8,50,No moonrise,10:58 AM,06:23 AM,06:15 PM,21,26,26,24,8,0,82,0.0,1013,24,10,168,6,Vijayawada
2021-03-05 03:00:00,36,24,0.0,11.6,8,50,No moonrise,10:58 AM,06:23 AM,06:15 PM,22,26,26,24,5,0,88,0.0,1012,24,10,168,4,Vijayawada
2021-03-05 06:00:00,36,24,0.0,11.6,8,50,No moonrise,10:58 AM,06:23 AM,06:15 PM,21,27,27,25,5,0,81,0.0,1013,25,10,144,4,Vijayawada
2021-03-05 09:00:00,36,24,0.0,11.6,8,50,No moonrise,10:58 AM,06:23 AM,06:15 PM,18,31,31,30,9,0,51,0.0,1015,30,10,144,8,Vijayawada
2021-03-05 12:00:00,36,24,0.0,11.6,8,50,No moonrise,10:58 AM,06:23 AM,06:15 PM,11,35,35,36,13,0,23,0.0,1013,36,10,167,12,Vijayawada
2021-03-05 15:00:00,36,24,0.0,11.6,8,50,No moonrise,10:58 AM,06:23 AM,06:15 PM,11,36,36,36,20,0,22,0.0,1010,36,10,169,16,Vijayawada
2021-03-05 18:00:00,36,24,0.0,11.6,8,50,No moonrise,10:58 AM,06:23 AM,06:15 PM,14,31,31,31,27,0,41,0.0,1010,31,10,178,20,Vijayawada
2021-03-05 21:00:00,36,24,0.0,11.6,8,50,No moonrise,10:58 AM,06:23 AM,06:15 PM,18,32,32,29,17,0,67,0.0,1012,29,10,180,10,Vijayawada
2021-03-06 00:00:00,40,23,0.0,11.6,8,43,12:22 AM,11:51 AM,06:22 AM,06:16 PM,20,26,26,24,8,0,78,0.0,1012,24,10,169,5,Vijayawada
2021-03-06 03:00:00,40,23,0.0,11.6,8,43,12:22 AM,11:51 AM,06:22 AM,06:16 PM,21,25,25,23,8,0,87,0.0,1011,23,10,197,5,Vijayawada
2021-03-06 06:00:00,40,23,0.0,11.6,8,43,12:22 AM,11:51 AM,06:22 AM,06:16 PM,21,27,27,24,6,0,81,0.0,1012,24,10,256,5,Vijayawada
2021-03-06 09:00:00,40,23,0.0,11.6,8,43,12:22 AM,11:51 AM,06:22 AM,06:16 PM,17,32,32,31,9,0,50,0.0,1015,31,10,229,8,Vijayawada
2021-03-06 12:00:00,40,23,0.0,11.6,8,43,12:22 AM,11:51 AM,06:22 AM,06:16 PM,12,38,38,38,11,0,21,0.0,1012,38,10,196,9,Vijayawada
2021-03-06 15:00:00,40,23,0.0,11.6,8,43,12:22 AM,11:51 AM,06:22 AM,06:16 PM,10,41,41,40,11,0,17,0.0,1009,40,10,191,9,Vijayawada
2021-03-06 18:00:00,40,23,0.0,11.6,8,43,12:22 AM,11:51 AM,06:22 AM,06:16 PM,13,35,35,35,20,0,35,0.0,1009,35,10,180,14,Vijayawada
2021-03-06 21:00:00,40,23,0.0,11.6,8,43,12:22 AM,11:51 AM,06:22 AM,06:16 PM,20,35,35,31,15,0,69,0.0,1011,31,10,169,9,Vijayawada
2021-03-07 00:00:00,38,25,0.0,11.6,8,35,01:24 AM,12:46 PM,06:21 AM,06:16 PM,23,34,34,32,3,0,82,0.0,1011,32,10,207,3,Vijayawada
2021-03-07 03:00:00,38,25,0.0,11.6,8,35,01:24 AM,12:46 PM,06:21 AM,06:16 PM,23,28,28,25,2,0,89,0.0,1010,25,10,260,1,Vijayawada
2021-03-07 06:00:00,38,25,0.0,11.6,8,35,01:24 AM,12:46 PM,06:21 AM,06:16 PM,22,28,28,26,3,0,82,0.0,1012,26,10,177,3,Vijayawada
2021-03-07 09:00:00,38,25,0.0,11.6,8,35,01:24 AM,12:46 PM,06:21 AM,06:16 PM,19,34,34,32,9,0,52,0.0,1013,32,10,160,8,Vijayawada
2021-03-07 12:00:00,38,25,0.0,11.6,8,35,01:24 AM,12:46 PM,06:21 AM,06:16 PM,12,38,38,38,12,2,22,0.0,1011,38,10,162,10,Vijayawada
2021-03-07 15:00:00,38,25,0.0,11.6,8,35,01:24 AM,12:46 PM,06:21 AM,06:16 PM,11,38,38,38,18,5,22,0.0,1008,38,10,148,14,Vijayawada
2021-03-07 18:00:00,38,25,0.0,11.6,8,35,01:24 AM,12:46 PM,06:21 AM,06:16 PM,18,34,34,32,28,3,49,0.0,1009,32,10,166,21,Vijayawada
2021-03-07 21:00:00,38,25,0.0,11.6,8,35,01:24 AM,12:46 PM,06:21 AM,06:16 PM,22,33,33,30,13,1,78,0.0,1011,30,10,169,9,Vijayawada
2021-03-08 00:00:00,37,22,0.0,11.6,7,28,02:23 AM,01:45 PM,06:20 AM,06:16 PM,23,28,28,25,9,6,91,0.0,1011,25,7,116,6,Vijayawada
2021-03-08 03:00:00,37,22,0.0,11.6,7,28,02:23 AM,01:45 PM,06:20 AM,06:16 PM,22,25,25,22,11,20,95,0.0,1011,22,2,102,6,Vijayawada
2021-03-08 06:00:00,37,22,0.0,11.6,7,28,02:23 AM,01:45 PM,06:20 AM,06:16 PM,21,26,26,24,12,25,86,0.0,1012,24,5,100,8,Vijayawada
2021-03-08 09:00:00,37,22,0.0,11.6,7,28,02:23 AM,01:45 PM,06:20 AM,06:16 PM,19,32,32,31,15,15,54,0.0,1015,31,10,142,13,Vijayawada
2021-03-08 12:00:00,37,22,0.0,11.6,7,28,02:23 AM,01:45 PM,06:20 AM,06:16 PM,13,36,36,37,21,1,25,0.0,1013,37,10,159,18,Vijayawada
2021-03-08 15:00:00,37,22,0.0,11.6,7,28,02:23 AM,01:45 PM,06:20 AM,06:16 PM,14,36,36,36,26,3,27,0.0,1010,36,10,163,22,Vijayawada
2021-03-08 18:00:00,37,22,0.0,11.6,7,28,02:23 AM,01:45 PM,06:20 AM,06:16 PM,18,32,32,31,27,2,51,0.0,1011,31,10,166,20,Vijayawada
2021-03-08 21:00:00,37,22,0.0,11.6,7,28,02:23 AM,01:45 PM,06:20 AM,06:16 PM,21,30,30,28,18,3,81,0.0,1013,28,10,162,11,Vijayawada
2021-03-09 00:00:00,36,24,0.0,11.6,8,21,03:20 AM,02:44 PM,06:20 AM,06:16 PM,23,28,28,25,8,1,88,0.0,1013,25,10,149,6,Vijayawada
2021-03-09 03:00:00,36,24,0.0,11.6,8,21,03:20 AM,02:44 PM,06:20 AM,06:16 PM,23,27,27,24,7,5,92,0.0,1012,24,10,123,5,Vijayawada
2021-03-09 06:00:00,36,24,0.0,11.6,8,21,03:20 AM,02:44 PM,06:20 AM,06:16 PM,21,26,26,24,12,17,84,0.0,1013,24,10,113,8,Vijayawada
2021-03-09 09:00:00,36,24,0.0,11.6,8,21,03:20 AM,02:44 PM,06:20 AM,06:16 PM,18,31,31,30,14,20,54,0.0,1015,30,10,144,13,Vijayawada
2021-03-09 12:00:00,36,24,0.0,11.6,8,21,03:20 AM,02:44 PM,06:20 AM,06:16 PM,14,36,36,36,19,1,27,0.0,1013,36,10,159,16,Vijayawada
2021-03-09 15:00:00,36,24,0.0,11.6,8,21,03:20 AM,02:44 PM,06:20 AM,06:16 PM,14,35,35,35,24,3,28,0.0,1011,35,10,162,21,Vijayawada
2021-03-09 18:00:00,36,24,0.0,11.6,8,21,03:20 AM,02:44 PM,06:20 AM,06:16 PM,17,32,32,31,24,0,50,0.0,1011,31,10,166,19,Vijayawada
2021-03-09 21:00:00,36,24,0.0,11.6,8,21,03:20 AM,02:44 PM,06:20 AM,06:16 PM,21,30,30,27,15,0,80,0.0,1013,27,10,163,10,Vijayawada
2021-03-10 00:00:00,36,22,0.0,11.6,7,14,04:11 AM,03:42 PM,06:19 AM,06:16 PM,23,27,27,24,7,7,92,0.0,1013,24,7,144,5,Vijayawada
2021-03-10 03:00:00,36,22,0.0,11.6,7,14,04:11 AM,03:42 PM,06:19 AM,06:16 PM,21,22,24,22,9,25,95,0.0,1012,22,2,103,5,Vijayawada
2021-03-10 06:00:00,36,22,0.0,11.6,7,14,04:11 AM,03:42 PM,06:19 AM,06:16 PM,21,26,26,23,10,47,87,0.0,1013,23,5,97,6,Vijayawada
2021-03-10 09:00:00,36,22,0.0,11.6,7,14,04:11 AM,03:42 PM,06:19 AM,06:16 PM,19,31,31,30,13,43,57,0.0,1015,30,10,145,11,Vijayawada
2021-03-10 12:00:00,36,22,0.0,11.6,7,14,04:11 AM,03:42 PM,06:19 AM,06:16 PM,14,36,36,36,19,1,27,0.0,1012,36,10,159,17,Vijayawada
2021-03-10 15:00:00,36,22,0.0,11.6,7,14,04:11 AM,03:42 PM,06:19 AM,06:16 PM,14,35,35,35,25,2,28,0.0,1010,35,10,168,21,Vijayawada
2021-03-10 18:00:00,36,22,0.0,11.6,7,14,04:11 AM,03:42 PM,06:19 AM,06:16 PM,17,31,31,31,28,0,49,0.0,1010,31,10,170,21,Vijayawada
2021-03-10 21:00:00,36,22,0.0,11.6,7,14,04:11 AM,03:42 PM,06:19 AM,06:16 PM,20,30,30,28,23,1,78,0.0,1012,28,10,170,13,Vijayawada
2021-03-11 00:00:00,36,23,0.0,11.6,8,6,04:58 AM,04:37 PM,06:18 AM,06:17 PM,22,26,26,24,11,5,90,0.0,1012,24,10,163,7,Vijayawada
2021-03-11 03:00:00,36,23,0.0,11.6,8,6,04:58 AM,04:37 PM,06:18 AM,06:17 PM,22,25,25,23,8,14,94,0.0,1011,23,7,132,5,Vijayawada
2021-03-11 06:00:00,36,23,0.0,11.6,8,6,04:58 AM,04:37 PM,06:18 AM,06:17 PM,21,26,26,24,9,22,85,0.0,1013,24,5,93,6,Vijayawada
2021-03-11 09:00:00,36,23,0.0,11.6,8,6,04:58 AM,04:37 PM,06:18 AM,06:17 PM,18,31,31,30,14,14,53,0.0,1014,30,10,150,12,Vijayawada
2021-03-11 12:00:00,36,23,0.0,11.6,8,6,04:58 AM,04:37 PM,06:18 AM,06:17 PM,13,35,35,36,21,4,25,0.0,1012,36,10,169,18,Vijayawada
2021-03-11 15:00:00,36,23,0.0,11.6,8,6,04:58 AM,04:37 PM,06:18 AM,06:17 PM,14,35,35,35,26,3,29,0.0,1010,35,10,171,22,Vijayawada
2021-03-11 18:00:00,36,23,0.0,11.6,8,6,04:58 AM,04:37 PM,06:18 AM,06:17 PM,17,32,32,30,27,2,52,0.0,1011,30,10,171,20,Vijayawada
2021-03-11 21:00:00,36,23,0.0,11.6,8,6,04:58 AM,04:37 PM,06:18 AM,06:17 PM,21,29,29,26,23,3,83,0.0,1013,26,10,166,13,Vijayawada
2021-03-12 00:00:00,36,22,0.0,11.6,7,0,05:41 AM,05:30 PM,06:18 AM,06:17 PM,22,25,25,23,12,9,93,0.0,1013,23,7,156,7,Vijayawada
2021-03-12 03:00:00,36,22,0.0,11.6,7,0,05:41 AM,05:30 PM,06:18 AM,06:17 PM,21,25,25,22,9,21,95,0.0,1012,22,2,138,5,Vijayawada
2021-03-12 06:00:00,36,22,0.0,11.6,7,0,05:41 AM,05:30 PM,06:18 AM,06:17 PM,21,26,26,24,10,34,86,0.0,1014,24,5,108,7,Vijayawada
2021-03-12 09:00:00,36,22,0.0,11.6,7,0,05:41 AM,05:30 PM,06:18 AM,06:17 PM,18,31,31,30,14,29,54,0.0,1016,30,10,141,12,Vijayawada
2021-03-12 12:00:00,36,22,0.0,11.6,7,0,05:41 AM,05:30 PM,06:18 AM,06:17 PM,12,35,35,36,20,3,24,0.0,1014,36,10,141,17,Vijayawada
2021-03-12 15:00:00,36,22,0.0,11.6,7,0,05:41 AM,05:30 PM,06:18 AM,06:17 PM,11,35,35,36,26,2,23,0.0,1011,36,10,144,22,Vijayawada
2021-03-12 18:00:00,36,22,0.0,11.6,7,0,05:41 AM,05:30 PM,06:18 AM,06:17 PM,15,31,31,31,26,0,43,0.0,1012,31,10,163,19,Vijayawada
2021-03-12 21:00:00,36,22,0.0,11.6,7,0,05:41 AM,05:30 PM,06:18 AM,06:17 PM,18,30,30,28,18,0,69,0.0,1014,28,10,157,11,Vijayawada
2021-03-13 00:00:00,36,21,0.0,11.6,8,0,06:19 AM,06:20 PM,06:17 AM,06:17 PM,17,27,27,24,16,19,75,0.0,1014,24,10,143,8,Vijayawada
2021-03-13 03:00:00,36,21,0.0,11.6,8,0,06:19 AM,06:20 PM,06:17 AM,06:17 PM,18,21,22,21,9,11,80,0.0,1013,21,10,127,5,Vijayawada
2021-03-13 06:00:00,36,21,0.0,11.6,8,0,06:19 AM,06:20 PM,06:17 AM,06:17 PM,19,26,26,24,9,1,73,0.0,1014,24,10,111,6,Vijayawada
2021-03-13 09:00:00,36,21,0.0,11.6,8,0,06:19 AM,06:20 PM,06:17 AM,06:17 PM,16,31,31,30,11,0,45,0.0,1016,30,10,130,10,Vijayawada
2021-03-13 12:00:00,36,21,0.0,11.6,8,0,06:19 AM,06:20 PM,06:17 AM,06:17 PM,11,35,35,36,15,1,22,0.0,1014,36,10,164,14,Vijayawada
2021-03-13 15:00:00,36,21,0.0,11.6,8,0,06:19 AM,06:20 PM,06:17 AM,06:17 PM,10,35,35,36,22,4,22,0.0,1011,36,10,167,18,Vijayawada
2021-03-13 18:00:00,36,21,0.0,11.6,8,0,06:19 AM,06:20 PM,06:17 AM,06:17 PM,14,32,32,31,27,3,40,0.0,1011,31,10,171,20,Vijayawada
2021-03-13 21:00:00,36,21,0.0,11.6,8,0,06:19 AM,06:20 PM,06:17 AM,06:17 PM,18,32,32,28,15,3,68,0.0,1013,28,10,161,9,Vijayawada
2021-03-14 00:00:00,37,23,0.0,11.6,8,1,06:56 AM,07:09 PM,06:16 AM,06:17 PM,20,29,29,25,7,4,79,0.0,1012,25,10,125,4,Vijayawada
2021-03-14 03:00:00,37,23,0.0,11.6,8,1,06:56 AM,07:09 PM,06:16 AM,06:17 PM,20,25,25,23,6,3,85,0.0,1011,23,10,97,4,Vijayawada
2021-03-14 06:00:00,37,23,0.0,11.6,8,1,06:56 AM,07:09 PM,06:16 AM,06:17 PM,20,26,26,24,10,3,79,0.0,1012,24,10,127,6,Vijayawada
2021-03-14 09:00:00,37,23,0.0,11.6,8,1,06:56 AM,07:09 PM,06:16 AM,06:17 PM,18,32,32,31,12,2,49,0.0,1014,31,10,155,11,Vijayawada
2021-03-14 12:00:00,37,23,0.0,11.6,8,1,06:56 AM,07:09 PM,06:16 AM,06:17 PM,12,36,36,37,18,4,23,0.0,1012,37,10,171,15,Vijayawada
2021-03-14 15:00:00,37,23,0.0,11.6,8,1,06:56 AM,07:09 PM,06:16 AM,06:17 PM,12,35,35,36,23,10,24,0.0,1009,36,10,171,19,Vijayawada
2021-03-14 18:00:00,37,23,0.0,11.6,8,1,06:56 AM,07:09 PM,06:16 AM,06:17 PM,16,32,32,31,28,7,45,0.0,1010,31,10,171,21,Vijayawada
2021-03-14 21:00:00,37,23,0.0,11.6,8,1,06:56 AM,07:09 PM,06:16 AM,06:17 PM,20,30,30,27,18,6,74,0.0,1011,27,10,174,10,Vijayawada
2021-03-15 00:00:00,37,23,0.0,11.6,8,8,07:31 AM,07:57 PM,06:15 AM,06:17 PM,20,28,28,26,10,4,79,0.0,1011,26,10,195,5,Vijayawada
2021-03-15 03:00:00,37,23,0.0,11.6,8,8,07:31 AM,07:57 PM,06:15 AM,06:17 PM,21,25,25,23,8,4,86,0.0,1009,23,10,168,5,Vijayawada
2021-03-15 06:00:00,37,23,0.0,11.6,8,8,07:31 AM,07:57 PM,06:15 AM,06:17 PM,20,27,27,24,9,5,81,0.0,1011,24,10,126,6,Vijayawada
2021-03-15 09:00:00,37,23,0.0,11.6,8,8,07:31 AM,07:57 PM,06:15 AM,06:17 PM,18,33,33,31,10,4,51,0.0,1012,31,10,177,9,Vijayawada
2021-03-15 12:00:00,37,23,0.0,11.6,8,8,07:31 AM,07:57 PM,06:15 AM,06:17 PM,13,37,37,37,15,6,23,0.0,1011,37,10,173,13,Vijayawada
2021-03-15 15:00:00,37,23,0.0,11.6,8,8,07:31 AM,07:57 PM,06:15 AM,06:17 PM,12,37,37,37,21,9,23,0.0,1008,37,10,169,18,Vijayawada
2021-03-15 18:00:00,37,23,0.0,11.6,8,8,07:31 AM,07:57 PM,06:15 AM,06:17 PM,16,33,33,32,28,6,44,0.0,1008,32,10,173,21,Vijayawada
2021-03-15 21:00:00,37,23,0.0,11.6,8,8,07:31 AM,07:57 PM,06:15 AM,06:17 PM,20,32,32,30,18,5,72,0.0,1010,30,10,167,10,Vijayawada
2021-03-16 00:00:00,37,24,0.0,11.6,8,15,08:06 AM,08:44 PM,06:15 AM,06:18 PM,22,27,27,25,9,4,84,0.0,1010,25,10,133,6,Vijayawada
2021-03-16 03:00:00,37,24,0.0,11.6,8,15,08:06 AM,08:44 PM,06:15 AM,06:18 PM,22,26,26,24,6,4,90,0.0,1009,24,10,126,4,Vijayawada
2021-03-16 06:00:00,37,24,0.0,11.6,8,15,08:06 AM,08:44 PM,06:15 AM,06:18 PM,21,27,27,24,9,7,83,0.0,1010,24,10,97,6,Vijayawada
2021-03-16 09:00:00,37,24,0.0,11.6,8,15,08:06 AM,08:44 PM,06:15 AM,06:18 PM,19,33,33,31,10,6,52,0.0,1012,31,10,156,9,Vijayawada
2021-03-16 12:00:00,37,24,0.0,11.6,8,15,08:06 AM,08:44 PM,06:15 AM,06:18 PM,13,37,37,37,15,7,24,0.0,1010,37,10,164,13,Vijayawada
2021-03-16 15:00:00,37,24,0.0,11.6,8,15,08:06 AM,08:44 PM,06:15 AM,06:18 PM,13,37,37,37,20,13,25,0.0,1008,37,10,158,16,Vijayawada
2021-03-16 18:00:00,37,24,0.0,11.6,8,15,08:06 AM,08:44 PM,06:15 AM,06:18 PM,17,33,33,31,29,9,47,0.0,1008,31,10,167,22,Vijayawada
2021-03-16 21:00:00,37,24,0.0,11.6,8,15,08:06 AM,08:44 PM,06:15 AM,06:18 PM,20,30,30,27,17,7,71,0.0,1010,27,10,158,10,Vijayawada
2021-03-17 00:00:00,38,24,0.0,11.6,8,23,08:41 AM,09:33 PM,06:14 AM,06:18 PM,22,27,27,25,10,4,83,0.0,1010,25,10,145,6,Vijayawada
2021-03-17 03:00:00,38,24,0.0,11.6,8,23,08:41 AM,09:33 PM,06:14 AM,06:18 PM,22,27,27,24,8,2,89,0.0,1009,24,10,111,5,Vijayawada
2021-03-17 06:00:00,38,24,0.0,11.6,8,23,08:41 AM,09:33 PM,06:14 AM,06:18 PM,22,28,28,25,10,2,81,0.0,1010,25,10,121,7,Vijayawada
2021-03-17 09:00:00,38,24,0.0,11.6,8,23,08:41 AM,09:33 PM,06:14 AM,06:18 PM,19,34,34,32,12,2,50,0.0,1012,32,10,144,10,Vijayawada
2021-03-17 12:00:00,38,24,0.0,11.6,8,23,08:41 AM,09:33 PM,06:14 AM,06:18 PM,13,37,37,38,18,4,24,0.0,1009,38,10,166,16,Vijayawada
2021-03-17 15:00:00,38,24,0.0,11.6,8,23,08:41 AM,09:33 PM,06:14 AM,06:18 PM,14,36,36,36,26,12,27,0.0,1007,36,10,163,22,Vijayawada
2021-03-17 18:00:00,38,24,0.0,11.6,8,23,08:41 AM,09:33 PM,06:14 AM,06:18 PM,17,32,32,30,30,9,49,0.0,1008,30,10,166,22,Vijayawada
2021-03-17 21:00:00,38,24,0.0,11.6,8,23,08:41 AM,09:33 PM,06:14 AM,06:18 PM,20,29,29,27,19,7,73,0.0,1010,27,10,154,11,Vijayawada
2021-03-18 00:00:00,37,24,0.0,11.6,8,30,09:18 AM,10:22 PM,06:13 AM,06:18 PM,21,29,29,26,14,5,83,0.0,1010,26,10,141,8,Vijayawada
2021-03-18 03:00:00,37,24,0.0,11.6,8,30,09:18 AM,10:22 PM,06:13 AM,06:18 PM,22,26,26,24,9,5,90,0.0,1010,24,10,125,5,Vijayawada
2021-03-18 06:00:00,37,24,0.0,11.6,8,30,09:18 AM,10:22 PM,06:13 AM,06:18 PM,21,27,27,25,10,9,82,0.0,1011,25,10,130,7,Vijayawada
2021-03-18 09:00:00,37,24,0.0,11.6,8,30,09:18 AM,10:22 PM,06:13 AM,06:18 PM,18,32,32,31,12,9,50,0.0,1012,31,10,141,10,Vijayawada
2021-03-18 12:00:00,37,24,0.0,11.6,8,30,09:18 AM,10:22 PM,06:13 AM,06:18 PM,12,36,36,37,19,7,23,0.0,1010,37,10,143,17,Vijayawada
2021-03-18 15:00:00,37,24,0.0,11.6,8,30,09:18 AM,10:22 PM,06:13 AM,06:18 PM,12,36,36,37,27,10,23,0.0,1008,37,10,151,23,Vijayawada
2021-03-18 18:00:00,37,24,0.0,11.6,8,30,09:18 AM,10:22 PM,06:13 AM,06:18 PM,15,33,33,32,26,9,41,0.0,1008,32,10,162,19,Vijayawada
2021-03-18 21:00:00,37,24,0.0,11.6,8,30,09:18 AM,10:22 PM,06:13 AM,06:18 PM,19,32,32,29,16,7,69,0.0,1011,29,10,156,9,Vijayawada
2021-03-19 00:00:00,37,23,0.0,11.6,8,37,09:58 AM,11:12 PM,06:12 AM,06:18 PM,20,26,26,24,12,7,80,0.0,1011,24,10,139,7,Vijayawada
2021-03-19 03:00:00,37,23,0.0,11.6,8,37,09:58 AM,11:12 PM,06:12 AM,06:18 PM,21,25,25,23,10,5,86,0.0,1010,23,10,124,6,Vijayawada
2021-03-19 06:00:00,37,23,0.0,11.6,8,37,09:58 AM,11:12 PM,06:12 AM,06:18 PM,20,27,27,25,9,5,78,0.0,1011,25,10,105,6,Vijayawada
2021-03-19 09:00:00,37,23,0.0,11.6,8,37,09:58 AM,11:12 PM,06:12 AM,06:18 PM,17,32,32,31,10,4,46,0.0,1012,31,10,140,9,Vijayawada
2021-03-19 12:00:00,37,23,0.0,11.6,8,37,09:58 AM,11:12 PM,06:12 AM,06:18 PM,12,37,37,37,12,6,22,0.0,1010,37,10,153,10,Vijayawada
2021-03-19 15:00:00,37,23,0.0,11.6,8,37,09:58 AM,11:12 PM,06:12 AM,06:18 PM,12,36,36,37,20,11,25,0.0,1007,37,10,154,17,Vijayawada
2021-03-19 18:00:00,37,23,0.0,11.6,8,37,09:58 AM,11:12 PM,06:12 AM,06:18 PM,16,32,32,31,28,9,46,0.0,1008,31,10,168,21,Vijayawada
2021-03-19 21:00:00,37,23,0.0,11.6,8,37,09:58 AM,11:12 PM,06:12 AM,06:18 PM,19,31,31,28,15,8,68,0.0,1009,28,10,156,9,Vijayawada
2021-03-20 00:00:00,39,24,0.0,11.6,8,44,10:40 AM,No moonset,06:12 AM,06:18 PM,21,29,29,27,8,7,80,0.0,1010,27,10,151,5,Vijayawada
2021-03-20 03:00:00,39,24,0.0,11.6,8,44,10:40 AM,No moonset,06:12 AM,06:18 PM,22,27,27,24,5,3,88,0.0,1008,24,10,122,4,Vijayawada
2021-03-20 06:00:00,39,24,0.0,11.6,8,44,10:40 AM,No moonset,06:12 AM,06:18 PM,21,27,27,24,6,5,82,0.0,1009,24,10,89,4,Vijayawada
2021-03-20 09:00:00,39,24,0.0,11.6,8,44,10:40 AM,No moonset,06:12 AM,06:18 PM,18,33,33,32,6,7,50,0.0,1011,32,10,137,5,Vijayawada
2021-03-20 12:00:00,39,24,0.0,11.6,8,44,10:40 AM,No moonset,06:12 AM,06:18 PM,12,39,39,39,7,10,21,0.0,1009,39,10,106,6,Vijayawada
2021-03-20 15:00:00,39,24,0.0,11.6,8,44,10:40 AM,No moonset,06:12 AM,06:18 PM,12,38,38,38,18,14,23,0.0,1006,38,10,125,15,Vijayawada
2021-03-20 18:00:00,39,24,0.0,11.6,8,44,10:40 AM,No moonset,06:12 AM,06:18 PM,16,33,33,32,28,8,45,0.0,1006,32,10,177,22,Vijayawada
2021-03-20 21:00:00,39,24,0.0,11.6,8,44,10:40 AM,No moonset,06:12 AM,06:18 PM,20,31,31,29,15,7,70,0.0,1008,29,10,186,9,Vijayawada
2021-03-21 00:00:00,40,23,0.0,11.6,8,52,11:27 AM,12:04 AM,06:11 AM,06:18 PM,20,29,29,27,14,6,79,0.0,1008,27,10,125,8,Vijayawada
2021-03-21 03:00:00,40,23,0.0,11.6,8,52,11:27 AM,12:04 AM,06:11 AM,06:18 PM,20,26,26,23,11,5,83,0.0,1007,23,10,90,6,Vijayawada
2021-03-21 06:00:00,40,23,0.0,11.6,8,52,11:27 AM,12:04 AM,06:11 AM,06:18 PM,20,28,28,26,5,4,74,0.0,1009,26,10,176,3,Vijayawada
2021-03-21 09:00:00,40,23,0.0,11.6,8,52,11:27 AM,12:04 AM,06:11 AM,06:18 PM,19,36,36,33,3,3,46,0.0,1010,33,10,246,2,Vijayawada
2021-03-21 12:00:00,40,23,0.0,11.6,8,52,11:27 AM,12:04 AM,06:11 AM,06:18 PM,14,41,41,40,6,9,22,0.0,1008,40,10,166,5,Vijayawada
2021-03-21 15:00:00,40,23,0.0,11.6,8,52,11:27 AM,12:04 AM,06:11 AM,06:18 PM,13,39,39,39,17,16,22,0.0,1005,39,10,133,13,Vijayawada
2021-03-21 18:00:00,40,23,0.0,11.6,8,52,11:27 AM,12:04 AM,06:11 AM,06:18 PM,17,35,35,34,27,9,42,0.0,1005,34,10,174,21,Vijayawada
2021-03-21 21:00:00,40,23,0.0,11.6,8,52,11:27 AM,12:04 AM,06:11 AM,06:18 PM,20,34,34,32,14,8,67,0.0,1008,32,10,166,9,Vijayawada
2021-03-22 00:00:00,38,24,0.0,11.6,8,59,12:17 PM,12:57 AM,06:10 AM,06:19 PM,21,29,29,27,10,6,76,0.0,1009,27,10,127,6,Vijayawada
2021-03-22 03:00:00,38,24,0.0,11.6,8,59,12:17 PM,12:57 AM,06:10 AM,06:19 PM,21,26,26,24,10,6,80,0.0,1009,24,10,96,6,Vijayawada
2021-03-22 06:00:00,38,24,0.0,11.6,8,59,12:17 PM,12:57 AM,06:10 AM,06:19 PM,21,28,28,26,8,8,74,0.0,1010,26,10,90,5,Vijayawada
2021-03-22 09:00:00,38,24,0.0,11.6,8,59,12:17 PM,12:57 AM,06:10 AM,06:19 PM,18,34,34,32,10,10,46,0.0,1012,32,10,132,9,Vijayawada
2021-03-22 12:00:00,38,24,0.0,11.6,8,59,12:17 PM,12:57 AM,06:10 AM,06:19 PM,13,38,38,38,17,5,23,0.0,1010,38,10,146,15,Vijayawada
2021-03-22 15:00:00,38,24,0.0,11.6,8,59,12:17 PM,12:57 AM,06:10 AM,06:19 PM,13,38,38,38,24,7,24,0.0,1007,38,10,154,21,Vijayawada
2021-03-22 18:00:00,38,24,0.0,11.6,8,59,12:17 PM,12:57 AM,06:10 AM,06:19 PM,16,34,34,33,28,20,43,0.0,1008,33,10,167,21,Vijayawada
2021-03-22 21:00:00,38,24,0.0,11.6,8,59,12:17 PM,12:57 AM,06:10 AM,06:19 PM,19,33,33,30,20,36,68,0.0,1011,30,10,158,12,Vijayawada
2021-03-23 00:00:00,38,24,0.0,11.6,8,66,01:12 PM,01:49 AM,06:09 AM,06:19 PM,20,29,29,27,11,8,78,0.0,1011,27,10,137,6,Vijayawada
2021-03-23 03:00:00,38,24,0.0,11.6,8,66,01:12 PM,01:49 AM,06:09 AM,06:19 PM,21,26,26,24,11,7,83,0.0,1010,24,10,104,6,Vijayawada
2021-03-23 06:00:00,38,24,0.0,11.6,8,66,01:12 PM,01:49 AM,06:09 AM,06:19 PM,20,27,27,25,10,7,77,0.0,1012,25,10,66,6,Vijayawada
2021-03-23 09:00:00,38,24,0.0,11.6,8,66,01:12 PM,01:49 AM,06:09 AM,06:19 PM,17,33,33,32,11,6,46,0.0,1013,32,10,124,9,Vijayawada
2021-03-23 12:00:00,38,24,0.0,11.6,8,66,01:12 PM,01:49 AM,06:09 AM,06:19 PM,12,37,37,38,17,5,21,0.0,1011,38,10,142,15,Vijayawada
2021-03-23 15:00:00,38,24,0.0,11.6,8,66,01:12 PM,01:49 AM,06:09 AM,06:19 PM,12,37,37,38,25,5,23,0.0,1008,38,10,154,21,Vijayawada
2021-03-23 18:00:00,38,24,0.0,11.6,8,66,01:12 PM,01:49 AM,06:09 AM,06:19 PM,16,34,34,32,27,8,44,0.0,1009,32,10,169,20,Vijayawada
2021-03-23 21:00:00,38,24,0.0,11.6,8,66,01:12 PM,01:49 AM,06:09 AM,06:19 PM,20,33,33,29,20,12,75,0.0,1011,29,10,161,11,Vijayawada
2021-03-24 00:00:00,41,22,0.0,11.6,8,73,02:08 PM,02:41 AM,06:09 AM,06:19 PM,21,28,28,26,13,10,87,0.0,1011,26,10,137,7,Vijayawada
2021-03-24 03:00:00,41,22,0.0,11.6,8,73,02:08 PM,02:41 AM,06:09 AM,06:19 PM,21,25,25,22,11,11,92,0.0,1010,22,10,108,6,Vijayawada
2021-03-24 06:00:00,41,22,0.0,11.6,8,73,02:08 PM,02:41 AM,06:09 AM,06:19 PM,21,27,27,24,9,9,83,0.0,1011,24,10,85,6,Vijayawada
2021-03-24 09:00:00,41,22,0.0,11.6,8,73,02:08 PM,02:41 AM,06:09 AM,06:19 PM,19,34,34,32,8,6,50,0.0,1013,32,10,140,7,Vijayawada
2021-03-24 12:00:00,41,22,0.0,11.6,8,73,02:08 PM,02:41 AM,06:09 AM,06:19 PM,14,42,42,41,5,4,21,0.0,1010,41,10,160,5,Vijayawada
2021-03-24 15:00:00,41,22,0.0,11.6,8,73,02:08 PM,02:41 AM,06:09 AM,06:19 PM,13,41,41,40,14,5,22,0.0,1007,40,10,137,12,Vijayawada
2021-03-24 18:00:00,41,22,0.0,11.6,8,73,02:08 PM,02:41 AM,06:09 AM,06:19 PM,17,34,34,33,27,5,42,0.0,1007,33,10,178,20,Vijayawada
2021-03-24 21:00:00,41,22,0.0,11.6,8,73,02:08 PM,02:41 AM,06:09 AM,06:19 PM,20,32,32,29,13,5,66,0.0,1010,29,10,176,8,Vijayawada
2021-03-25 00:00:00,40,26,0.0,11.6,8,81,03:07 PM,03:31 AM,06:08 AM,06:19 PM,22,28,28,26,6,4,77,0.0,1009,26,10,137,4,Vijayawada
2021-03-25 03:00:00,40,26,0.0,11.6,8,81,03:07 PM,03:31 AM,06:08 AM,06:19 PM,22,28,28,26,6,4,80,0.0,1009,26,10,156,4,Vijayawada
2021-03-25 06:00:00,40,26,0.0,11.6,8,81,03:07 PM,03:31 AM,06:08 AM,06:19 PM,23,31,31,28,4,2,77,0.0,1010,28,10,162,4,Vijayawada
2021-03-25 09:00:00,40,26,0.0,11.6,8,81,03:07 PM,03:31 AM,06:08 AM,06:19 PM,20,37,37,34,7,2,48,0.0,1012,34,10,160,6,Vijayawada
2021-03-25 12:00:00,40,26,0.0,11.6,8,81,03:07 PM,03:31 AM,06:08 AM,06:19 PM,15,42,42,40,12,5,24,0.0,1009,40,10,158,10,Vijayawada
2021-03-25 15:00:00,40,26,0.0,11.6,8,81,03:07 PM,03:31 AM,06:08 AM,06:19 PM,15,40,40,39,21,9,25,0.0,1006,39,10,157,17,Vijayawada
2021-03-25 18:00:00,40,26,0.0,11.6,8,81,03:07 PM,03:31 AM,06:08 AM,06:19 PM,19,35,35,33,28,4,50,0.0,1007,33,10,171,22,Vijayawada
2021-03-25 21:00:00,40,26,0.0,11.6,8,81,03:07 PM,03:31 AM,06:08 AM,06:19 PM,23,32,32,29,14,4,77,0.0,1009,29,10,168,9,Vijayawada
2021-03-26 00:00:00,42,24,0.0,11.6,8,88,04:06 PM,04:18 AM,06:07 AM,06:19 PM,23,29,29,26,8,8,86,0.0,1009,26,10,129,5,Vijayawada
2021-03-26 03:00:00,42,24,0.0,11.6,8,88,04:06 PM,04:18 AM,06:07 AM,06:19 PM,23,27,27,24,7,21,93,0.0,1009,24,7,65,4,Vijayawada
2021-03-26 06:00:00,42,24,0.0,11.6,8,88,04:06 PM,04:18 AM,06:07 AM,06:19 PM,23,29,29,26,9,22,85,0.0,1010,26,5,110,6,Vijayawada
2021-03-26 09:00:00,42,24,0.0,11.6,8,88,04:06 PM,04:18 AM,06:07 AM,06:19 PM,21,38,38,34,10,2,52,0.0,1011,34,10,172,9,Vijayawada
2021-03-26 12:00:00,42,24,0.0,11.6,8,88,04:06 PM,04:18 AM,06:07 AM,06:19 PM,16,45,45,42,7,3,22,0.0,1009,42,10,147,6,Vijayawada
2021-03-26 15:00:00,42,24,0.0,11.6,8,88,04:06 PM,04:18 AM,06:07 AM,06:19 PM,15,41,41,40,15,8,26,0.0,1005,40,10,124,13,Vijayawada
2021-03-26 18:00:00,42,24,0.0,11.6,8,88,04:06 PM,04:18 AM,06:07 AM,06:19 PM,20,35,35,32,28,4,51,0.0,1005,32,10,171,22,Vijayawada
2021-03-26 21:00:00,42,24,0.0,11.6,8,88,04:06 PM,04:18 AM,06:07 AM,06:19 PM,23,32,32,29,14,3,73,0.0,1007,29,10,162,9,Vijayawada
2021-03-27 00:00:00,41,26,0.0,11.6,9,95,05:05 PM,05:04 AM,06:06 AM,06:19 PM,24,31,31,27,7,3,83,0.0,1007,27,10,113,5,Vijayawada
2021-03-27 03:00:00,41,26,0.0,11.6,9,95,05:05 PM,05:04 AM,06:06 AM,06:19 PM,24,30,30,26,4,3,90,0.0,1006,26,10,62,3,Vijayawada
2021-03-27 06:00:00,41,26,0.0,11.6,9,95,05:05 PM,05:04 AM,06:06 AM,06:19 PM,24,31,31,27,6,2,81,0.0,1008,27,10,164,5,Vijayawada
2021-03-27 09:00:00,41,26,0.0,11.6,9,95,05:05 PM,05:04 AM,06:06 AM,06:19 PM,21,39,39,35,10,0,49,0.0,1009,35,10,176,9,Vijayawada
2021-03-27 12:00:00,41,26,0.0,11.6,9,95,05:05 PM,05:04 AM,06:06 AM,06:19 PM,15,43,43,41,12,2,22,0.0,1007,41,10,170,10,Vijayawada
2021-03-27 15:00:00,41,26,0.0,11.6,9,95,05:05 PM,05:04 AM,06:06 AM,06:19 PM,14,42,42,40,19,6,24,0.0,1004,40,10,164,16,Vijayawada
2021-03-27 18:00:00,41,26,0.0,11.6,9,95,05:05 PM,05:04 AM,06:06 AM,06:19 PM,20,35,35,33,28,2,52,0.0,1004,33,10,172,22,Vijayawada
2021-03-27 21:00:00,41,26,0.0,11.6,9,95,05:05 PM,05:04 AM,06:06 AM,06:19 PM,24,33,33,30,14,0,80,0.0,1007,30,10,162,10,Vijayawada
2021-03-28 00:00:00,39,24,0.0,11.6,8,100,06:04 PM,05:48 AM,06:06 AM,06:20 PM,25,31,31,27,8,3,90,0.0,1007,27,10,138,6,Vijayawada
2021-03-28 03:00:00,39,24,0.0,11.6,8,100,06:04 PM,05:48 AM,06:06 AM,06:20 PM,23,27,27,24,10,17,94,0.0,1006,24,7,102,6,Vijayawada
2021-03-28 06:00:00,39,24,0.0,11.6,8,100,06:04 PM,05:48 AM,06:06 AM,06:20 PM,23,29,29,26,7,26,85,0.0,1008,26,5,66,5,Vijayawada
2021-03-28 09:00:00,39,24,0.0,11.6,8,100,06:04 PM,05:48 AM,06:06 AM,06:20 PM,20,36,36,33,11,12,53,0.0,1009,33,10,172,10,Vijayawada
2021-03-28 12:00:00,39,24,0.0,11.6,8,100,06:04 PM,05:48 AM,06:06 AM,06:20 PM,15,40,40,39,20,2,24,0.0,1006,39,10,182,17,Vijayawada
2021-03-28 15:00:00,39,24,0.0,11.6,8,100,06:04 PM,05:48 AM,06:06 AM,06:20 PM,13,39,39,39,27,4,23,0.0,1003,39,10,174,23,Vijayawada
2021-03-28 18:00:00,39,24,0.0,11.6,8,100,06:04 PM,05:48 AM,06:06 AM,06:20 PM,16,35,35,34,27,2,41,0.0,1003,34,10,171,22,Vijayawada
2021-03-28 21:00:00,39,24,0.0,11.6,8,100,06:04 PM,05:48 AM,06:06 AM,06:20 PM,22,35,35,32,15,0,70,0.0,1005,32,10,170,10,Vijayawada
2021-03-29 00:00:00,40,27,0.0,11.6,8,100,07:04 PM,06:31 AM,06:05 AM,06:20 PM,25,34,34,29,9,2,78,0.0,1008,29,10,174,8,Vijayawada
2021-03-29 03:00:00,40,27,0.0,11.6,8,100,07:04 PM,06:31 AM,06:05 AM,06:20 PM,25,33,33,28,6,8,85,0.0,1007,28,10,138,5,Vijayawada
2021-03-29 06:00:00,40,27,0.0,11.6,8,100,07:04 PM,06:31 AM,06:05 AM,06:20 PM,23,30,30,27,9,15,79,0.0,1009,27,10,101,7,Vijayawada
2021-03-29 09:00:00,40,27,0.0,11.6,8,100,07:04 PM,06:31 AM,06:05 AM,06:20 PM,20,36,36,33,15,2,50,0.0,1010,33,10,169,13,Vijayawada
2021-03-29 12:00:00,40,27,0.0,11.6,8,100,07:04 PM,06:31 AM,06:05 AM,06:20 PM,15,40,40,39,15,3,25,0.0,1006,39,10,182,13,Vijayawada
2021-03-29 15:00:00,40,27,0.0,11.6,8,100,07:04 PM,06:31 AM,06:05 AM,06:20 PM,12,40,40,40,19,9,20,0.0,1003,40,10,174,16,Vijayawada
2021-03-29 18:00:00,40,27,0.0,11.6,8,100,07:04 PM,06:31 AM,06:05 AM,06:20 PM,17,38,38,36,27,6,38,0.0,1004,36,10,176,21,Vijayawada
2021-03-29 21:00:00,40,27,0.0,11.6,8,100,07:04 PM,06:31 AM,06:05 AM,06:20 PM,22,37,37,34,19,3,65,0.0,1005,34,10,190,13,Vijayawada
2021-03-30 00:00:00,44,27,0.0,11.6,9,83,08:05 PM,07:15 AM,06:04 AM,06:20 PM,23,34,34,31,18,2,77,0.0,1005,31,10,182,13,Vijayawada
2021-03-30 03:00:00,44,27,0.0,11.6,9,83,08:05 PM,07:15 AM,06:04 AM,06:20 PM,24,31,31,27,10,5,85,0.0,1005,27,10,172,8,Vijayawada
2021-03-30 06:00:00,44,27,0.0,11.6,9,83,08:05 PM,07:15 AM,06:04 AM,06:20 PM,23,31,31,28,9,5,77,0.0,1006,28,10,193,7,Vijayawada
2021-03-30 09:00:00,44,27,0.0,11.6,9,83,08:05 PM,07:15 AM,06:04 AM,06:20 PM,18,37,37,35,17,0,39,0.0,1007,35,10,198,15,Vijayawada
2021-03-30 12:00:00,44,27,0.0,11.6,9,83,08:05 PM,07:15 AM,06:04 AM,06:20 PM,10,42,42,41,17,1,16,0.0,1004,41,10,245,15,Vijayawada
2021-03-30 15:00:00,44,27,0.0,11.6,9,83,08:05 PM,07:15 AM,06:04 AM,06:20 PM,7,46,46,44,12,1,11,0.0,1000,44,10,293,10,Vijayawada
2021-03-30 18:00:00,44,27,0.0,11.6,9,83,08:05 PM,07:15 AM,06:04 AM,06:20 PM,13,45,45,42,15,0,29,0.0,1001,42,10,253,11,Vijayawada
2021-03-30 21:00:00,44,27,0.0,11.6,9,83,08:05 PM,07:15 AM,06:04 AM,06:20 PM,23,42,42,39,18,0,66,0.0,1003,39,10,186,12,Vijayawada
2021-03-31 00:00:00,46,29,0.0,11.6,10,79,09:08 PM,08:01 AM,06:03 AM,06:20 PM,25,36,36,32,8,0,74,0.0,1003,32,10,200,7,Vijayawada
2021-03-31 03:00:00,46,29,0.0,11.6,10,79,09:08 PM,08:01 AM,06:03 AM,06:20 PM,24,34,34,29,9,0,75,0.0,1002,29,10,193,7,Vijayawada
2021-03-31 06:00:00,46,29,0.0,11.6,10,79,09:08 PM,08:01 AM,06:03 AM,06:20 PM,20,32,32,30,13,0,59,0.0,1003,30,10,214,9,Vijayawada
2021-03-31 09:00:00,46,29,0.0,11.6,10,79,09:08 PM,08:01 AM,06:03 AM,06:20 PM,12,38,38,37,14,0,25,0.0,1005,37,10,275,12,Vijayawada
2021-03-31 12:00:00,46,29,0.0,11.6,10,79,09:08 PM,08:01 AM,06:03 AM,06:20 PM,4,46,46,44,14,0,9,0.0,1002,44,10,323,12,Vijayawada
2021-03-31 15:00:00,46,29,0.0,11.6,10,79,09:08 PM,08:01 AM,06:03 AM,06:20 PM,2,49,49,46,12,0,7,0.0,999,46,10,319,10,Vijayawada
2021-03-31 18:00:00,46,29,0.0,11.6,10,79,09:08 PM,08:01 AM,06:03 AM,06:20 PM,10,49,49,45,10,0,25,0.0,999,45,10,264,7,Vijayawada
2021-03-31 21:00:00,46,29,0.0,11.6,10,79,09:08 PM,08:01 AM,06:03 AM,06:20 PM,23,44,44,41,17,0,64,0.0,1001,41,10,187,11,Vijayawada
2021-04-01 00:00:00,45,29,0.0,11.6,9,63,10:12 PM,08:51 AM,06:03 AM,06:20 PM,26,42,42,37,11,0,82,0.0,1002,37,10,204,9,Vijayawada
2021-04-01 03:00:00,45,29,0.0,11.6,9,63,10:12 PM,08:51 AM,06:03 AM,06:20 PM,26,36,36,29,8,0,85,0.0,1001,29,10,201,6,Vijayawada
2021-04-01 06:00:00,45,29,0.0,11.6,9,63,10:12 PM,08:51 AM,06:03 AM,06:20 PM,24,36,36,30,10,0,73,0.0,1003,30,10,188,8,Vijayawada
2021-04-01 09:00:00,45,29,0.0,11.6,9,63,10:12 PM,08:51 AM,06:03 AM,06:20 PM,18,40,40,37,14,0,36,0.0,1004,37,10,241,12,Vijayawada
2021-04-01 12:00:00,45,29,0.0,11.6,9,63,10:12 PM,08:51 AM,06:03 AM,06:20 PM,9,45,45,43,14,0,13,0.0,1001,43,10,327,12,Vijayawada
2021-04-01 15:00:00,45,29,0.0,11.6,9,63,10:12 PM,08:51 AM,06:03 AM,06:20 PM,6,48,48,45,12,0,10,0.0,998,45,10,258,10,Vijayawada
2021-04-01 18:00:00,45,29,0.0,11.6,9,63,10:12 PM,08:51 AM,06:03 AM,06:20 PM,14,47,47,44,11,0,26,0.0,999,44,10,126,9,Vijayawada
2021-04-01 21:00:00,45,29,0.0,11.6,9,63,10:12 PM,08:51 AM,06:03 AM,06:20 PM,22,45,45,41,14,0,60,0.0,1002,41,10,167,11,Vijayawada
2021-04-02 00:00:00,44,27,0.0,11.6,9,56,11:16 PM,09:44 AM,06:02 AM,06:20 PM,26,39,39,35,12,4,82,0.0,1002,35,10,188,10,Vijayawada
2021-04-02 03:00:00,44,27,0.0,11.6,9,56,11:16 PM,09:44 AM,06:02 AM,06:20 PM,26,33,33,27,13,28,91,0.0,1001,27,7,149,9,Vijayawada
2021-04-02 06:00:00,44,27,0.0,11.6,9,56,11:16 PM,09:44 AM,06:02 AM,06:20 PM,26,36,36,29,10,41,85,0.0,1003,29,5,110,6,Vijayawada
2021-04-02 09:00:00,44,27,0.0,11.6,9,56,11:16 PM,09:44 AM,06:02 AM,06:20 PM,24,45,45,37,8,0,50,0.0,1004,37,10,77,7,Vijayawada
2021-04-02 12:00:00,44,27,0.0,11.6,9,56,11:16 PM,09:44 AM,06:02 AM,06:20 PM,15,46,46,43,12,1,22,0.0,1001,43,10,4,11,Vijayawada
2021-04-02 15:00:00,44,27,0.0,11.6,9,56,11:16 PM,09:44 AM,06:02 AM,06:20 PM,11,46,46,44,11,3,15,0.0,998,44,10,46,10,Vijayawada
2021-04-02 18:00:00,44,27,0.0,11.6,9,56,11:16 PM,09:44 AM,06:02 AM,06:20 PM,17,41,41,39,14,1,30,0.0,999,39,10,127,12,Vijayawada
2021-04-02 21:00:00,44,27,0.0,11.6,9,56,11:16 PM,09:44 AM,06:02 AM,06:20 PM,22,39,39,36,10,0,51,0.0,1003,36,10,125,8,Vijayawada
2021-04-03 00:00:00,40,27,0.0,11.6,9,48,No moonrise,10:40 AM,06:01 AM,06:21 PM,26,37,37,30,9,11,80,0.0,1004,30,10,138,8,Vijayawada
2021-04-03 03:00:00,40,27,0.0,11.6,9,48,No moonrise,10:40 AM,06:01 AM,06:21 PM,26,32,32,27,13,42,92,0.0,1003,27,7,125,9,Vijayawada
2021-04-03 06:00:00,40,27,0.0,11.6,9,48,No moonrise,10:40 AM,06:01 AM,06:21 PM,25,33,33,28,15,52,86,0.0,1005,28,5,112,11,Vijayawada
2021-04-03 09:00:00,40,27,0.0,11.6,9,48,No moonrise,10:40 AM,06:01 AM,06:21 PM,22,39,39,34,17,25,54,0.0,1006,34,10,142,15,Vijayawada
2021-04-03 12:00:00,40,27,0.0,11.6,9,48,No moonrise,10:40 AM,06:01 AM,06:21 PM,17,43,43,40,19,2,27,0.0,1004,40,10,140,17,Vijayawada
2021-04-03 15:00:00,40,27,0.0,11.6,9,48,No moonrise,10:40 AM,06:01 AM,06:21 PM,17,42,42,40,26,6,28,0.0,1001,40,10,129,22,Vijayawada
2021-04-03 18:00:00,40,27,0.0,11.6,9,48,No moonrise,10:40 AM,06:01 AM,06:21 PM,22,39,39,35,29,6,53,0.0,1003,35,10,126,24,Vijayawada
2021-04-03 21:00:00,40,27,0.0,11.6,9,48,No moonrise,10:40 AM,06:01 AM,06:21 PM,25,36,36,33,18,13,79,0.0,1005,33,10,149,13,Vijayawada
2021-04-04 00:00:00,40,27,0.0,12.2,9,41,12:18 AM,11:40 AM,06:00 AM,06:21 PM,25,33,33,30,12,50,87,0.0,1006,30,9,150,9,Vijayawada
2021-04-04 03:00:00,40,27,0.0,12.2,9,41,12:18 AM,11:40 AM,06:00 AM,06:21 PM,26,32,32,27,8,67,92,0.0,1005,27,10,118,6,Vijayawada
2021-04-04 06:00:00,40,27,0.0,12.2,9,41,12:18 AM,11:40 AM,06:00 AM,06:21 PM,25,33,33,28,10,62,83,0.0,1007,28,10,120,8,Vijayawada
2021-04-04 09:00:00,40,27,0.0,12.2,9,41,12:18 AM,11:40 AM,06:00 AM,06:21 PM,22,39,39,34,17,15,53,0.0,1008,34,10,150,15,Vijayawada
2021-04-04 12:00:00,40,27,0.0,12.2,9,41,12:18 AM,11:40 AM,06:00 AM,06:21 PM,18,43,43,40,16,6,30,0.0,1005,40,10,159,14,Vijayawada
2021-04-04 15:00:00,40,27,0.0,12.2,9,41,12:18 AM,11:40 AM,06:00 AM,06:21 PM,17,42,42,40,21,14,27,0.0,1002,40,10,150,18,Vijayawada
2021-04-04 18:00:00,40,27,0.0,12.2,9,41,12:18 AM,11:40 AM,06:00 AM,06:21 PM,22,39,39,35,27,7,51,0.0,1004,35,10,147,23,Vijayawada
2021-04-04 21:00:00,40,27,0.0,12.2,9,41,12:18 AM,11:40 AM,06:00 AM,06:21 PM,25,37,37,32,14,5,74,0.0,1006,32,10,176,11,Vijayawada
2021-04-05 00:00:00,38,27,0.0,12.2,8,33,01:17 AM,12:39 PM,06:00 AM,06:21 PM,25,33,33,28,12,29,85,0.0,1007,28,10,161,9,Vijayawada
2021-04-05 03:00:00,38,27,0.0,12.2,8,33,01:17 AM,12:39 PM,06:00 AM,06:21 PM,25,31,31,27,15,53,89,0.0,1007,27,10,124,10,Vijayawada
2021-04-05 06:00:00,38,27,0.0,12.2,8,33,01:17 AM,12:39 PM,06:00 AM,06:21 PM,24,33,33,28,17,40,80,0.0,1008,28,10,151,13,Vijayawada
2021-04-05 09:00:00,38,27,0.0,12.2,8,33,01:17 AM,12:39 PM,06:00 AM,06:21 PM,22,38,38,34,20,32,52,0.0,1010,34,10,162,17,Vijayawada
2021-04-05 12:00:00,38,27,0.0,12.2,8,33,01:17 AM,12:39 PM,06:00 AM,06:21 PM,19,42,42,38,17,6,33,0.0,1007,38,10,169,15,Vijayawada
2021-04-05 15:00:00,38,27,0.0,12.2,8,33,01:17 AM,12:39 PM,06:00 AM,06:21 PM,18,41,41,38,23,11,32,0.0,1004,38,10,164,20,Vijayawada
2021-04-05 18:00:00,38,27,0.0,12.2,8,33,01:17 AM,12:39 PM,06:00 AM,06:21 PM,22,38,38,34,30,8,56,0.0,1006,34,10,149,24,Vijayawada
2021-04-05 21:00:00,38,27,0.0,12.2,8,33,01:17 AM,12:39 PM,06:00 AM,06:21 PM,24,35,35,31,22,13,78,0.0,1008,31,10,158,16,Vijayawada
2021-04-06 00:00:00,38,26,0.0,12.6,8,26,02:10 AM,01:37 PM,05:59 AM,06:21 PM,25,34,34,29,11,14,80,0.0,1009,29,10,134,9,Vijayawada
2021-04-06 03:00:00,38,26,0.0,12.6,8,26,02:10 AM,01:37 PM,05:59 AM,06:21 PM,24,30,30,26,11,37,85,0.0,1009,26,10,118,8,Vijayawada
2021-04-06 06:00:00,38,26,0.0,12.6,8,26,02:10 AM,01:37 PM,05:59 AM,06:21 PM,23,31,31,27,13,30,78,0.0,1010,27,10,129,10,Vijayawada
2021-04-06 09:00:00,38,26,0.0,12.6,8,26,02:10 AM,01:37 PM,05:59 AM,06:21 PM,21,36,36,33,17,26,51,0.0,1011,33,10,148,14,Vijayawada
2021-04-06 12:00:00,38,26,0.0,12.6,8,26,02:10 AM,01:37 PM,05:59 AM,06:21 PM,18,40,40,38,20,6,32,0.0,1009,38,10,160,18,Vijayawada
2021-04-06 15:00:00,38,26,0.0,12.6,8,26,02:10 AM,01:37 PM,05:59 AM,06:21 PM,18,40,40,37,27,6,33,0.0,1006,37,10,168,23,Vijayawada
2021-04-06 18:00:00,38,26,0.0,12.6,8,26,02:10 AM,01:37 PM,05:59 AM,06:21 PM,20,36,36,33,29,3,53,0.0,1008,33,10,170,24,Vijayawada
2021-04-06 21:00:00,38,26,0.0,12.6,8,26,02:10 AM,01:37 PM,05:59 AM,06:21 PM,23,33,33,30,22,4,74,0.0,1010,30,10,169,17,Vijayawada
2021-04-07 00:00:00,38,26,0.0,12.6,8,18,02:58 AM,02:33 PM,05:58 AM,06:21 PM,23,30,30,27,16,10,78,0.0,1010,27,10,156,12,Vijayawada
2021-04-07 03:00:00,38,26,0.0,12.6,8,18,02:58 AM,02:33 PM,05:58 AM,06:21 PM,23,30,30,26,10,16,82,0.0,1009,26,10,139,8,Vijayawada
2021-04-07 06:00:00,38,26,0.0,12.6,8,18,02:58 AM,02:33 PM,05:58 AM,06:21 PM,23,31,31,28,12,8,75,0.0,1011,28,10,142,9,Vijayawada
2021-04-07 09:00:00,38,26,0.0,12.6,8,18,02:58 AM,02:33 PM,05:58 AM,06:21 PM,20,36,36,33,17,0,46,0.0,1011,33,10,162,15,Vijayawada
2021-04-07 12:00:00,38,26,0.0,12.6,8,18,02:58 AM,02:33 PM,05:58 AM,06:21 PM,16,39,39,38,21,2,27,0.0,1009,38,10,171,18,Vijayawada
2021-04-07 15:00:00,38,26,0.0,12.6,8,18,02:58 AM,02:33 PM,05:58 AM,06:21 PM,17,39,39,37,27,4,30,0.0,1007,37,10,177,23,Vijayawada
2021-04-07 18:00:00,38,26,0.0,12.6,8,18,02:58 AM,02:33 PM,05:58 AM,06:21 PM,19,35,35,33,28,2,48,0.0,1008,33,10,170,23,Vijayawada
2021-04-07 21:00:00,38,26,0.0,12.6,8,18,02:58 AM,02:33 PM,05:58 AM,06:21 PM,21,33,33,30,18,4,66,0.0,1009,30,10,160,13,Vijayawada
2021-04-08 00:00:00,37,27,0.0,12.6,8,11,03:41 AM,03:26 PM,05:57 AM,06:21 PM,22,30,30,27,11,3,72,0.0,1008,27,10,162,9,Vijayawada
2021-04-08 03:00:00,37,27,0.0,12.6,8,11,03:41 AM,03:26 PM,05:57 AM,06:21 PM,22,30,30,27,10,2,76,0.0,1007,27,10,145,8,Vijayawada
2021-04-08 06:00:00,37,27,0.0,12.6,8,11,03:41 AM,03:26 PM,05:57 AM,06:21 PM,22,32,32,29,9,2,69,0.0,1009,29,10,142,8,Vijayawada
2021-04-08 09:00:00,37,27,0.0,12.6,8,11,03:41 AM,03:26 PM,05:57 AM,06:21 PM,18,34,34,33,18,1,42,0.0,1009,33,10,171,15,Vijayawada
2021-04-08 12:00:00,37,27,0.0,12.6,8,11,03:41 AM,03:26 PM,05:57 AM,06:21 PM,15,38,38,37,22,1,26,0.0,1007,37,10,174,19,Vijayawada
2021-04-08 15:00:00,37,27,0.0,12.6,8,11,03:41 AM,03:26 PM,05:57 AM,06:21 PM,15,37,37,37,24,3,27,0.0,1005,37,10,175,21,Vijayawada
2021-04-08 18:00:00,37,27,0.0,12.6,8,11,03:41 AM,03:26 PM,05:57 AM,06:21 PM,16,35,35,34,26,2,41,0.0,1006,34,10,170,21,Vijayawada
2021-04-08 21:00:00,37,27,0.0,12.6,8,11,03:41 AM,03:26 PM,05:57 AM,06:21 PM,20,33,33,30,21,4,66,0.0,1008,30,10,165,15,Vijayawada
2021-04-09 00:00:00,38,28,0.0,12.7,8,3,04:20 AM,04:16 PM,05:57 AM,06:22 PM,22,33,33,29,14,2,74,0.0,1007,29,10,165,10,Vijayawada
2021-04-09 03:00:00,38,28,0.0,12.7,8,3,04:20 AM,04:16 PM,05:57 AM,06:22 PM,24,33,33,28,6,1,79,0.0,1007,28,10,137,5,Vijayawada
2021-04-09 06:00:00,38,28,0.0,12.7,8,3,04:20 AM,04:16 PM,05:57 AM,06:22 PM,22,31,31,28,11,2,71,0.0,1008,28,10,141,9,Vijayawada
2021-04-09 09:00:00,38,28,0.0,12.7,8,3,04:20 AM,04:16 PM,05:57 AM,06:22 PM,18,35,35,33,18,2,43,0.0,1009,33,10,172,16,Vijayawada
2021-04-09 12:00:00,38,28,0.0,12.7,8,3,04:20 AM,04:16 PM,05:57 AM,06:22 PM,15,38,38,38,22,2,27,0.0,1007,38,10,179,19,Vijayawada
2021-04-09 15:00:00,38,28,0.0,12.7,8,3,04:20 AM,04:16 PM,05:57 AM,06:22 PM,15,38,38,37,26,3,28,0.0,1005,37,10,174,22,Vijayawada
2021-04-09 18:00:00,38,28,0.0,12.7,8,3,04:20 AM,04:16 PM,05:57 AM,06:22 PM,17,35,35,34,28,2,44,0.0,1006,34,10,165,22,Vijayawada
2021-04-09 21:00:00,38,28,0.0,12.7,8,3,04:20 AM,04:16 PM,05:57 AM,06:22 PM,22,35,35,32,25,3,71,0.0,1008,32,10,156,17,Vijayawada
2021-04-10 00:00:00,37,26,0.0,12.7,8,0,04:57 AM,05:05 PM,05:56 AM,06:22 PM,23,31,31,28,11,3,74,0.0,1008,28,10,142,10,Vijayawada
2021-04-10 03:00:00,37,26,0.0,12.7,8,0,04:57 AM,05:05 PM,05:56 AM,06:22 PM,23,29,29,26,9,4,79,0.0,1008,26,10,115,7,Vijayawada
2021-04-10 06:00:00,37,26,0.0,12.7,8,0,04:57 AM,05:05 PM,05:56 AM,06:22 PM,22,30,30,27,13,6,72,0.0,1009,27,10,146,10,Vijayawada
2021-04-10 09:00:00,37,26,0.0,12.7,8,0,04:57 AM,05:05 PM,05:56 AM,06:22 PM,19,35,35,33,19,5,46,0.0,1011,33,10,164,17,Vijayawada
2021-04-10 12:00:00,37,26,0.0,12.7,8,0,04:57 AM,05:05 PM,05:56 AM,06:22 PM,17,39,39,37,23,6,30,0.0,1009,37,10,169,20,Vijayawada
2021-04-10 15:00:00,37,26,0.0,12.7,8,0,04:57 AM,05:05 PM,05:56 AM,06:22 PM,18,39,39,37,26,7,33,0.0,1007,37,10,173,23,Vijayawada
2021-04-10 18:00:00,37,26,0.0,12.7,8,0,04:57 AM,05:05 PM,05:56 AM,06:22 PM,20,35,35,33,27,6,51,0.0,1008,33,10,162,22,Vijayawada
2021-04-10 21:00:00,37,26,0.0,12.7,8,0,04:57 AM,05:05 PM,05:56 AM,06:22 PM,22,33,33,30,24,9,71,0.0,1010,30,10,151,18,Vijayawada
2021-04-11 00:00:00,37,26,0.0,12.7,8,0,05:32 AM,05:53 PM,05:55 AM,06:22 PM,22,29,29,27,17,6,76,0.0,1010,27,10,160,12,Vijayawada
2021-04-11 03:00:00,37,26,0.0,12.7,8,0,05:32 AM,05:53 PM,05:55 AM,06:22 PM,22,28,28,26,9,12,80,0.0,1010,26,10,142,6,Vijayawada
2021-04-11 06:00:00,37,26,0.0,12.7,8,0,05:32 AM,05:53 PM,05:55 AM,06:22 PM,22,30,30,27,9,17,75,0.0,1011,27,10,154,7,Vijayawada
2021-04-11 09:00:00,37,26,0.0,12.7,8,0,05:32 AM,05:53 PM,05:55 AM,06:22 PM,20,35,35,33,14,22,50,0.0,1012,33,10,171,13,Vijayawada
2021-04-11 12:00:00,37,26,0.0,12.7,8,0,05:32 AM,05:53 PM,05:55 AM,06:22 PM,17,40,40,37,19,7,31,0.0,1010,37,10,168,17,Vijayawada
2021-04-11 15:00:00,37,26,0.0,12.7,8,0,05:32 AM,05:53 PM,05:55 AM,06:22 PM,18,39,39,37,27,9,34,0.0,1008,37,10,172,23,Vijayawada
2021-04-11 18:00:00,37,26,0.0,12.7,8,0,05:32 AM,05:53 PM,05:55 AM,06:22 PM,20,35,35,33,28,4,51,0.0,1009,33,10,168,23,Vijayawada
2021-04-11 21:00:00,37,26,0.0,12.7,8,0,05:32 AM,05:53 PM,05:55 AM,06:22 PM,22,33,33,30,23,5,71,0.0,1011,30,10,158,16,Vijayawada
2021-04-12 00:00:00,38,27,0.0,12.7,8,0,06:06 AM,06:40 PM,05:55 AM,06:22 PM,24,32,32,28,11,7,77,0.0,1011,28,10,152,9,Vijayawada
2021-04-12 03:00:00,38,27,0.0,12.7,8,0,06:06 AM,06:40 PM,05:55 AM,06:22 PM,23,30,30,27,6,15,81,0.0,1011,27,10,138,4,Vijayawada
2021-04-12 06:00:00,38,27,0.0,12.7,8,0,06:06 AM,06:40 PM,05:55 AM,06:22 PM,23,31,31,28,12,16,75,0.0,1012,28,10,135,9,Vijayawada
2021-04-12 09:00:00,38,27,0.0,12.7,8,0,06:06 AM,06:40 PM,05:55 AM,06:22 PM,21,37,37,33,16,9,49,0.0,1013,33,10,159,14,Vijayawada
2021-04-12 12:00:00,38,27,0.0,12.7,8,0,06:06 AM,06:40 PM,05:55 AM,06:22 PM,18,41,41,38,18,26,32,0.0,1010,38,10,153,16,Vijayawada
2021-04-12 15:00:00,38,27,0.0,12.7,8,0,06:06 AM,06:40 PM,05:55 AM,06:22 PM,19,40,40,37,27,25,36,0.0,1007,37,10,164,23,Vijayawada
2021-04-12 18:00:00,38,27,0.0,12.7,8,0,06:06 AM,06:40 PM,05:55 AM,06:22 PM,21,35,35,31,30,28,56,0.0,1009,31,10,151,24,Vijayawada
2021-04-12 21:00:00,38,27,0.0,12.7,8,0,06:06 AM,06:40 PM,05:55 AM,06:22 PM,23,32,32,29,20,74,70,0.1,1012,29,10,138,15,Vijayawada
2021-04-13 00:00:00,38,28,0.0,12.7,8,4,06:41 AM,07:28 PM,05:54 AM,06:22 PM,23,32,32,28,17,53,74,0.1,1011,28,9,185,12,Vijayawada
2021-04-13 03:00:00,38,28,0.0,12.7,8,4,06:41 AM,07:28 PM,05:54 AM,06:22 PM,24,32,32,28,7,11,80,0.0,1010,28,10,186,6,Vijayawada
2021-04-13 06:00:00,38,28,0.0,12.7,8,4,06:41 AM,07:28 PM,05:54 AM,06:22 PM,23,32,32,28,11,17,76,0.0,1012,28,10,156,9,Vijayawada
2021-04-13 09:00:00,38,28,0.0,12.7,8,4,06:41 AM,07:28 PM,05:54 AM,06:22 PM,21,37,37,33,15,12,50,0.0,1012,33,10,163,13,Vijayawada
2021-04-13 12:00:00,38,28,0.0,12.7,8,4,06:41 AM,07:28 PM,05:54 AM,06:22 PM,18,41,41,38,18,29,32,0.0,1010,38,10,165,16,Vijayawada
2021-04-13 15:00:00,38,28,0.0,12.7,8,4,06:41 AM,07:28 PM,05:54 AM,06:22 PM,18,40,40,37,26,33,33,0.0,1007,37,10,166,22,Vijayawada
2021-04-13 18:00:00,38,28,0.0,12.7,8,4,06:41 AM,07:28 PM,05:54 AM,06:22 PM,21,35,35,32,28,8,53,0.0,1008,32,10,169,23,Vijayawada
2021-04-13 21:00:00,38,28,0.0,12.7,8,4,06:41 AM,07:28 PM,05:54 AM,06:22 PM,23,32,32,29,18,12,73,0.0,1011,29,10,149,13,Vijayawada
2021-04-14 00:00:00,38,28,0.0,12.7,8,12,07:17 AM,08:16 PM,05:53 AM,06:23 PM,23,32,32,29,14,63,74,0.1,1010,29,10,170,10,Vijayawada
2021-04-14 03:00:00,38,28,0.0,12.7,8,12,07:17 AM,08:16 PM,05:53 AM,06:23 PM,24,32,32,28,6,16,78,0.0,1009,28,10,200,4,Vijayawada
2021-04-14 06:00:00,38,28,0.0,12.7,8,12,07:17 AM,08:16 PM,05:53 AM,06:23 PM,23,32,32,28,10,17,75,0.0,1010,28,10,196,8,Vijayawada
2021-04-14 09:00:00,38,28,0.0,12.7,8,12,07:17 AM,08:16 PM,05:53 AM,06:23 PM,22,36,36,32,16,17,56,0.0,1011,32,10,188,14,Vijayawada
2021-04-14 12:00:00,38,28,0.0,12.7,8,12,07:17 AM,08:16 PM,05:53 AM,06:23 PM,19,41,41,38,19,12,35,0.0,1009,38,10,185,17,Vijayawada
2021-04-14 15:00:00,38,28,0.0,12.7,8,12,07:17 AM,08:16 PM,05:53 AM,06:23 PM,18,40,40,38,24,40,33,0.1,1006,38,10,169,21,Vijayawada
2021-04-14 18:00:00,38,28,0.0,12.7,8,12,07:17 AM,08:16 PM,05:53 AM,06:23 PM,20,36,36,33,19,72,46,0.5,1007,33,10,147,15,Vijayawada
2021-04-14 21:00:00,38,28,0.0,12.7,8,12,07:17 AM,08:16 PM,05:53 AM,06:23 PM,21,33,33,30,9,76,58,0.6,1010,30,10,124,7,Vijayawada
2021-04-15 00:00:00,38,25,0.0,11.9,8,19,07:55 AM,09:07 PM,05:53 AM,06:23 PM,23,29,29,25,8,64,68,0.6,1010,25,9,169,6,Vijayawada
2021-04-15 03:00:00,38,25,0.0,11.9,8,19,07:55 AM,09:07 PM,05:53 AM,06:23 PM,23,31,31,28,11,45,72,0.4,1009,28,10,239,8,Vijayawada
2021-04-15 06:00:00,38,25,0.0,11.9,8,19,07:55 AM,09:07 PM,05:53 AM,06:23 PM,21,30,30,28,12,86,66,0.8,1011,28,10,222,8,Vijayawada
2021-04-15 09:00:00,38,25,0.0,11.9,8,19,07:55 AM,09:07 PM,05:53 AM,06:23 PM,19,33,33,31,7,83,50,0.1,1012,31,10,116,6,Vijayawada
2021-04-15 12:00:00,38,25,0.0,11.9,8,19,07:55 AM,09:07 PM,05:53 AM,06:23 PM,15,37,37,36,16,53,28,0.1,1009,36,10,203,14,Vijayawada
2021-04-15 15:00:00,38,25,0.0,11.9,8,19,07:55 AM,09:07 PM,05:53 AM,06:23 PM,14,38,38,38,15,8,24,0.0,1006,38,10,200,13,Vijayawada
2021-04-15 18:00:00,38,25,0.0,11.9,8,19,07:55 AM,09:07 PM,05:53 AM,06:23 PM,16,38,38,37,16,8,34,0.0,1006,37,10,184,12,Vijayawada
2021-04-15 21:00:00,38,25,0.0,11.9,8,19,07:55 AM,09:07 PM,05:53 AM,06:23 PM,20,39,39,35,19,4,55,0.0,1008,35,10,178,13,Vijayawada
2021-04-16 00:00:00,39,28,0.0,12.7,8,27,08:36 AM,09:58 PM,05:52 AM,06:23 PM,23,32,32,29,10,5,68,0.0,1008,29,10,186,7,Vijayawada
2021-04-16 03:00:00,39,28,0.0,12.7,8,27,08:36 AM,09:58 PM,05:52 AM,06:23 PM,24,32,32,28,10,5,78,0.0,1007,28,10,179,7,Vijayawada
2021-04-16 06:00:00,39,28,0.0,12.7,8,27,08:36 AM,09:58 PM,05:52 AM,06:23 PM,24,34,34,29,9,4,74,0.0,1009,29,10,163,7,Vijayawada
2021-04-16 09:00:00,39,28,0.0,12.7,8,27,08:36 AM,09:58 PM,05:52 AM,06:23 PM,22,38,38,34,15,8,51,0.0,1010,34,10,193,13,Vijayawada
2021-04-16 12:00:00,39,28,0.0,12.7,8,27,08:36 AM,09:58 PM,05:52 AM,06:23 PM,18,42,42,39,15,28,30,0.0,1007,39,10,207,13,Vijayawada
2021-04-16 15:00:00,39,28,0.0,12.7,8,27,08:36 AM,09:58 PM,05:52 AM,06:23 PM,17,40,40,38,17,59,30,0.1,1005,38,10,191,13,Vijayawada
2021-04-16 18:00:00,39,28,0.0,12.7,8,27,08:36 AM,09:58 PM,05:52 AM,06:23 PM,20,35,35,33,27,57,47,0.2,1006,33,9,163,18,Vijayawada
2021-04-16 21:00:00,39,28,0.0,12.7,8,27,08:36 AM,09:58 PM,05:52 AM,06:23 PM,22,35,35,31,23,3,61,0.0,1007,31,10,186,15,Vijayawada
2021-04-17 00:00:00,39,28,0.0,12.7,9,34,09:22 AM,10:50 PM,05:51 AM,06:23 PM,24,34,34,31,23,16,74,0.0,1008,31,10,189,16,Vijayawada
2021-04-17 03:00:00,39,28,0.0,12.7,9,34,09:22 AM,10:50 PM,05:51 AM,06:23 PM,25,33,33,28,16,34,81,0.0,1008,28,10,170,12,Vijayawada
2021-04-17 06:00:00,39,28,0.0,12.7,9,34,09:22 AM,10:50 PM,05:51 AM,06:23 PM,24,35,35,30,14,10,73,0.0,1010,30,10,155,12,Vijayawada
2021-04-17 09:00:00,39,28,0.0,12.7,9,34,09:22 AM,10:50 PM,05:51 AM,06:23 PM,21,39,39,34,20,3,47,0.0,1011,34,10,175,18,Vijayawada
2021-04-17 12:00:00,39,28,0.0,12.7,9,34,09:22 AM,10:50 PM,05:51 AM,06:23 PM,17,41,41,39,21,4,29,0.0,1008,39,10,176,18,Vijayawada
2021-04-17 15:00:00,39,28,0.0,12.7,9,34,09:22 AM,10:50 PM,05:51 AM,06:23 PM,15,40,40,39,21,3,24,0.0,1006,39,10,162,18,Vijayawada
2021-04-17 18:00:00,39,28,0.0,12.7,9,34,09:22 AM,10:50 PM,05:51 AM,06:23 PM,17,39,39,37,23,2,37,0.0,1007,37,10,168,18,Vijayawada
2021-04-17 21:00:00,39,28,0.0,12.7,9,34,09:22 AM,10:50 PM,05:51 AM,06:23 PM,23,39,39,35,18,5,65,0.0,1009,35,10,184,13,Vijayawada
2021-04-18 00:00:00,40,28,0.0,12.7,9,42,10:10 AM,11:42 PM,05:51 AM,06:23 PM,24,34,34,30,14,9,69,0.0,1009,30,10,171,11,Vijayawada
2021-04-18 03:00:00,40,28,0.0,12.7,9,42,10:10 AM,11:42 PM,05:51 AM,06:23 PM,24,33,33,28,16,28,78,0.0,1009,28,10,174,12,Vijayawada
2021-04-18 06:00:00,40,28,0.0,12.7,9,42,10:10 AM,11:42 PM,05:51 AM,06:23 PM,24,34,34,29,16,39,73,0.0,1010,29,9,172,12,Vijayawada
2021-04-18 09:00:00,40,28,0.0,12.7,9,42,10:10 AM,11:42 PM,05:51 AM,06:23 PM,21,38,38,34,18,4,49,0.0,1011,34,10,186,16,Vijayawada
2021-04-18 12:00:00,40,28,0.0,12.7,9,42,10:10 AM,11:42 PM,05:51 AM,06:23 PM,17,41,41,39,16,5,27,0.0,1008,39,10,195,14,Vijayawada
2021-04-18 15:00:00,40,28,0.0,12.7,9,42,10:10 AM,11:42 PM,05:51 AM,06:23 PM,16,42,42,40,12,10,24,0.0,1005,40,10,176,10,Vijayawada
2021-04-18 18:00:00,40,28,0.0,12.7,9,42,10:10 AM,11:42 PM,05:51 AM,06:23 PM,18,39,39,38,17,6,37,0.0,1006,38,10,136,13,Vijayawada
2021-04-18 21:00:00,40,28,0.0,12.7,9,42,10:10 AM,11:42 PM,05:51 AM,06:23 PM,23,36,36,34,19,3,64,0.0,1008,34,10,158,15,Vijayawada
2021-04-19 00:00:00,41,29,0.0,12.7,9,50,11:02 AM,No moonset,05:50 AM,06:24 PM,23,33,33,31,17,5,70,0.0,1008,31,10,196,13,Vijayawada
2021-04-19 03:00:00,41,29,0.0,12.7,9,50,11:02 AM,No moonset,05:50 AM,06:24 PM,24,33,33,29,19,5,77,0.0,1007,29,10,190,14,Vijayawada
2021-04-19 06:00:00,41,29,0.0,12.7,9,50,11:02 AM,No moonset,05:50 AM,06:24 PM,24,35,35,30,17,3,69,0.0,1008,30,10,177,13,Vijayawada
2021-04-19 09:00:00,41,29,0.0,12.7,9,50,11:02 AM,No moonset,05:50 AM,06:24 PM,21,39,39,35,18,4,46,0.0,1009,35,10,195,16,Vijayawada
2021-04-19 12:00:00,41,29,0.0,12.7,9,50,11:02 AM,No moonset,05:50 AM,06:24 PM,17,43,43,40,9,11,27,0.0,1006,40,10,194,8,Vijayawada
2021-04-19 15:00:00,41,29,0.0,12.7,9,50,11:02 AM,No moonset,05:50 AM,06:24 PM,17,43,43,41,10,37,26,0.1,1004,41,10,185,8,Vijayawada
2021-04-19 18:00:00,41,29,0.0,12.7,9,50,11:02 AM,No moonset,05:50 AM,06:24 PM,19,38,38,35,30,82,42,0.6,1005,35,9,172,21,Vijayawada
2021-04-19 21:00:00,41,29,0.0,12.7,9,50,11:02 AM,No moonset,05:50 AM,06:24 PM,21,36,36,32,31,80,59,0.9,1007,32,9,121,21,Vijayawada
2021-04-20 00:00:00,40,28,0.0,12.8,8,57,11:56 AM,12:33 AM,05:49 AM,06:24 PM,24,35,35,32,18,60,70,0.1,1007,32,10,173,13,Vijayawada
2021-04-20 03:00:00,40,28,0.0,12.8,8,57,11:56 AM,12:33 AM,05:49 AM,06:24 PM,26,36,36,30,11,5,79,0.0,1006,30,10,177,10,Vijayawada
2021-04-20 06:00:00,40,28,0.0,12.8,8,57,11:56 AM,12:33 AM,05:49 AM,06:24 PM,24,37,37,31,14,4,69,0.0,1007,31,10,170,12,Vijayawada
2021-04-20 09:00:00,40,28,0.0,12.8,8,57,11:56 AM,12:33 AM,05:49 AM,06:24 PM,20,40,40,36,18,6,41,0.0,1008,36,10,179,16,Vijayawada
2021-04-20 12:00:00,40,28,0.0,12.8,8,57,11:56 AM,12:33 AM,05:49 AM,06:24 PM,18,43,43,40,22,8,27,0.0,1005,40,10,169,19,Vijayawada
2021-04-20 15:00:00,40,28,0.0,12.8,8,57,11:56 AM,12:33 AM,05:49 AM,06:24 PM,19,41,41,38,34,31,38,0.3,1003,38,10,182,28,Vijayawada
2021-04-20 18:00:00,40,28,0.0,12.8,8,57,11:56 AM,12:33 AM,05:49 AM,06:24 PM,21,32,32,30,43,76,59,1.7,1005,30,9,199,31,Vijayawada
2021-04-20 21:00:00,40,28,0.0,12.8,8,57,11:56 AM,12:33 AM,05:49 AM,06:24 PM,20,29,29,28,33,87,57,3.0,1008,28,9,100,22,Vijayawada
2021-04-21 00:00:00,38,29,0.0,12.8,9,65,12:53 PM,01:22 AM,05:49 AM,06:24 PM,24,34,34,29,19,11,73,0.0,1008,29,10,144,14,Vijayawada
2021-04-21 03:00:00,38,29,0.0,12.8,9,65,12:53 PM,01:22 AM,05:49 AM,06:24 PM,24,34,34,29,15,15,75,0.0,1007,29,10,154,12,Vijayawada
2021-04-21 06:00:00,38,29,0.0,12.8,9,65,12:53 PM,01:22 AM,05:49 AM,06:24 PM,23,35,35,30,20,5,68,0.0,1009,30,10,178,16,Vijayawada
2021-04-21 09:00:00,38,29,0.0,12.8,9,65,12:53 PM,01:22 AM,05:49 AM,06:24 PM,20,38,38,35,25,4,44,0.0,1009,35,10,189,22,Vijayawada
2021-04-21 12:00:00,38,29,0.0,12.8,9,65,12:53 PM,01:22 AM,05:49 AM,06:24 PM,18,41,41,38,24,4,31,0.0,1007,38,10,167,21,Vijayawada
2021-04-21 15:00:00,38,29,0.0,12.8,9,65,12:53 PM,01:22 AM,05:49 AM,06:24 PM,19,41,41,38,24,5,34,0.0,1005,38,10,162,21,Vijayawada
2021-04-21 18:00:00,38,29,0.0,12.8,9,65,12:53 PM,01:22 AM,05:49 AM,06:24 PM,21,38,38,35,21,5,46,0.0,1006,35,10,186,18,Vijayawada
2021-04-21 21:00:00,38,29,0.0,12.8,9,65,12:53 PM,01:22 AM,05:49 AM,06:24 PM,24,36,36,32,14,8,65,0.0,1010,32,10,210,12,Vijayawada
2021-04-22 00:00:00,39,28,0.0,12.8,9,72,01:50 PM,02:09 AM,05:48 AM,06:24 PM,24,35,35,30,14,5,74,0.0,1009,30,10,164,12,Vijayawada
2021-04-22 03:00:00,39,28,0.0,12.8,9,72,01:50 PM,02:09 AM,05:48 AM,06:24 PM,25,33,33,28,15,21,81,0.0,1008,28,10,146,12,Vijayawada
2021-04-22 06:00:00,39,28,0.0,12.8,9,72,01:50 PM,02:09 AM,05:48 AM,06:24 PM,24,34,34,29,13,34,72,0.0,1010,29,10,169,11,Vijayawada
2021-04-22 09:00:00,39,28,0.0,12.8,9,72,01:50 PM,02:09 AM,05:48 AM,06:24 PM,20,37,37,34,18,3,45,0.0,1010,34,10,187,16,Vijayawada
2021-04-22 12:00:00,39,28,0.0,12.8,9,72,01:50 PM,02:09 AM,05:48 AM,06:24 PM,18,41,41,38,18,6,30,0.0,1008,38,10,173,16,Vijayawada
2021-04-22 15:00:00,39,28,0.0,12.8,9,72,01:50 PM,02:09 AM,05:48 AM,06:24 PM,18,41,41,39,24,6,30,0.0,1005,39,10,157,21,Vijayawada
2021-04-22 18:00:00,39,28,0.0,12.8,9,72,01:50 PM,02:09 AM,05:48 AM,06:24 PM,17,37,37,35,25,33,35,0.1,1005,35,10,171,20,Vijayawada
2021-04-22 21:00:00,39,28,0.0,12.8,9,72,01:50 PM,02:09 AM,05:48 AM,06:24 PM,17,33,33,32,17,88,44,0.4,1008,32,10,203,11,Vijayawada
2021-04-23 00:00:00,39,29,0.0,12.8,7,80,02:47 PM,02:54 AM,05:47 AM,06:25 PM,22,33,33,30,9,31,60,0.1,1010,30,10,258,8,Vijayawada
2021-04-23 03:00:00,39,29,0.0,12.8,7,80,02:47 PM,02:54 AM,05:47 AM,06:25 PM,21,32,32,29,7,74,62,0.4,1008,29,10,140,5,Vijayawada
2021-04-23 06:00:00,39,29,0.0,12.8,7,80,02:47 PM,02:54 AM,05:47 AM,06:25 PM,23,34,34,29,14,50,69,0.3,1009,29,10,184,11,Vijayawada
2021-04-23 09:00:00,39,29,0.0,12.8,7,80,02:47 PM,02:54 AM,05:47 AM,06:25 PM,22,38,38,34,14,7,50,0.0,1010,34,10,199,12,Vijayawada
2021-04-23 12:00:00,39,29,0.0,12.8,7,80,02:47 PM,02:54 AM,05:47 AM,06:25 PM,18,41,41,38,18,14,32,0.0,1007,38,10,181,15,Vijayawada
2021-04-23 15:00:00,39,29,0.0,12.8,7,80,02:47 PM,02:54 AM,05:47 AM,06:25 PM,18,41,41,39,23,23,31,0.0,1005,39,10,179,20,Vijayawada
2021-04-23 18:00:00,39,29,0.0,12.8,7,80,02:47 PM,02:54 AM,05:47 AM,06:25 PM,21,38,38,35,26,11,46,0.0,1006,35,10,178,20,Vijayawada
2021-04-23 21:00:00,39,29,0.0,12.8,7,80,02:47 PM,02:54 AM,05:47 AM,06:25 PM,23,35,35,31,21,4,66,0.0,1008,31,10,180,15,Vijayawada
2021-04-24 00:00:00,40,29,0.0,12.8,9,87,03:46 PM,03:38 AM,05:47 AM,06:25 PM,24,34,34,29,21,7,71,0.0,1007,29,10,194,15,Vijayawada
2021-04-24 03:00:00,40,29,0.0,12.8,9,87,03:46 PM,03:38 AM,05:47 AM,06:25 PM,24,34,34,29,10,8,74,0.0,1007,29,10,171,8,Vijayawada
2021-04-24 06:00:00,40,29,0.0,12.8,9,87,03:46 PM,03:38 AM,05:47 AM,06:25 PM,23,35,35,30,10,9,68,0.0,1009,30,10,160,8,Vijayawada
2021-04-24 09:00:00,40,29,0.0,12.8,9,87,03:46 PM,03:38 AM,05:47 AM,06:25 PM,21,39,39,35,14,6,43,0.0,1009,35,10,175,13,Vijayawada
2021-04-24 12:00:00,40,29,0.0,12.8,9,87,03:46 PM,03:38 AM,05:47 AM,06:25 PM,18,43,43,40,14,13,28,0.0,1006,40,10,163,13,Vijayawada
2021-04-24 15:00:00,40,29,0.0,12.8,9,87,03:46 PM,03:38 AM,05:47 AM,06:25 PM,17,42,42,40,19,26,27,0.0,1004,40,10,159,16,Vijayawada
2021-04-24 18:00:00,40,29,0.0,12.8,9,87,03:46 PM,03:38 AM,05:47 AM,06:25 PM,21,39,39,36,27,24,46,0.0,1005,36,10,175,21,Vijayawada
2021-04-24 21:00:00,40,29,0.0,12.8,9,87,03:46 PM,03:38 AM,05:47 AM,06:25 PM,24,36,36,32,21,8,66,0.0,1007,32,10,161,15,Vijayawada
2021-04-25 00:00:00,40,28,0.0,12.8,8,95,04:44 PM,04:20 AM,05:46 AM,06:25 PM,24,33,33,29,18,15,72,0.0,1008,29,10,169,13,Vijayawada
2021-04-25 03:00:00,40,28,0.0,12.8,8,95,04:44 PM,04:20 AM,05:46 AM,06:25 PM,25,33,33,28,13,34,81,0.0,1007,28,9,163,10,Vijayawada
2021-04-25 06:00:00,40,28,0.0,12.8,8,95,04:44 PM,04:20 AM,05:46 AM,06:25 PM,24,34,34,29,13,32,75,0.0,1009,29,9,167,10,Vijayawada
2021-04-25 09:00:00,40,28,0.0,12.8,8,95,04:44 PM,04:20 AM,05:46 AM,06:25 PM,21,39,39,35,15,4,48,0.0,1009,35,10,179,13,Vijayawada
2021-04-25 12:00:00,40,28,0.0,12.8,8,95,04:44 PM,04:20 AM,05:46 AM,06:25 PM,18,42,42,39,18,6,29,0.0,1007,39,10,174,15,Vijayawada
2021-04-25 15:00:00,40,28,0.0,12.8,8,95,04:44 PM,04:20 AM,05:46 AM,06:25 PM,17,42,42,40,22,8,26,0.0,1004,40,10,173,19,Vijayawada
2021-04-25 18:00:00,40,28,0.0,12.8,8,95,04:44 PM,04:20 AM,05:46 AM,06:25 PM,19,39,39,37,28,8,41,0.0,1005,37,10,172,22,Vijayawada
2021-04-25 21:00:00,40,28,0.0,12.8,8,95,04:44 PM,04:20 AM,05:46 AM,06:25 PM,23,37,37,35,24,8,67,0.0,1007,35,10,173,18,Vijayawada
2021-04-26 00:00:00,39,28,0.0,12.8,8,100,05:45 PM,05:04 AM,05:46 AM,06:25 PM,23,33,33,29,17,8,72,0.0,1007,29,10,173,13,Vijayawada
2021-04-26 03:00:00,39,28,0.0,12.8,8,100,05:45 PM,05:04 AM,05:46 AM,06:25 PM,24,32,32,28,14,16,78,0.0,1006,28,10,176,11,Vijayawada
2021-04-26 06:00:00,39,28,0.0,12.8,8,100,05:45 PM,05:04 AM,05:46 AM,06:25 PM,23,33,33,29,13,15,72,0.0,1008,29,10,173,10,Vijayawada
2021-04-26 09:00:00,39,28,0.0,12.8,8,100,05:45 PM,05:04 AM,05:46 AM,06:25 PM,21,37,37,34,17,7,48,0.0,1009,34,10,167,15,Vijayawada
2021-04-26 12:00:00,39,28,0.0,12.8,8,100,05:45 PM,05:04 AM,05:46 AM,06:25 PM,17,41,41,39,20,6,29,0.0,1006,39,10,171,17,Vijayawada
2021-04-26 15:00:00,39,28,0.0,12.8,8,100,05:45 PM,05:04 AM,05:46 AM,06:25 PM,17,41,41,38,24,7,30,0.0,1004,38,10,171,21,Vijayawada
2021-04-26 18:00:00,39,28,0.0,12.8,8,100,05:45 PM,05:04 AM,05:46 AM,06:25 PM,19,37,37,34,28,4,45,0.0,1005,34,10,163,23,Vijayawada
2021-04-26 21:00:00,39,28,0.0,12.8,8,100,05:45 PM,05:04 AM,05:46 AM,06:25 PM,22,34,34,31,24,4,66,0.0,1007,31,10,157,18,Vijayawada
2021-04-27 00:00:00,40,28,0.0,12.8,9,100,06:48 PM,05:49 AM,05:45 AM,06:25 PM,23,35,35,31,15,8,71,0.0,1007,31,10,176,12,Vijayawada
2021-04-27 03:00:00,40,28,0.0,12.8,9,100,06:48 PM,05:49 AM,05:45 AM,06:25 PM,23,32,32,28,10,18,76,0.0,1007,28,10,157,8,Vijayawada
2021-04-27 06:00:00,40,28,0.0,12.8,9,100,06:48 PM,05:49 AM,05:45 AM,06:25 PM,23,33,33,29,11,19,70,0.0,1008,29,10,145,9,Vijayawada
2021-04-27 09:00:00,40,28,0.0,12.8,9,100,06:48 PM,05:49 AM,05:45 AM,06:25 PM,21,38,38,34,16,5,46,0.0,1009,34,10,179,14,Vijayawada
2021-04-27 12:00:00,40,28,0.0,12.8,9,100,06:48 PM,05:49 AM,05:45 AM,06:25 PM,18,42,42,39,16,8,29,0.0,1006,39,10,184,14,Vijayawada
2021-04-27 15:00:00,40,28,0.0,12.8,9,100,06:48 PM,05:49 AM,05:45 AM,06:25 PM,17,42,42,40,20,12,28,0.0,1004,40,10,166,17,Vijayawada
2021-04-27 18:00:00,40,28,0.0,12.8,9,100,06:48 PM,05:49 AM,05:45 AM,06:25 PM,20,39,39,36,27,6,44,0.0,1004,36,10,161,22,Vijayawada
2021-04-27 21:00:00,40,28,0.0,12.8,9,100,06:48 PM,05:49 AM,05:45 AM,06:25 PM,23,36,36,33,17,6,65,0.0,1007,33,10,192,13,Vijayawada
2021-04-28 00:00:00,40,29,0.0,12.8,9,83,07:53 PM,06:37 AM,05:45 AM,06:26 PM,23,35,35,32,17,3,69,0.0,1007,32,10,167,13,Vijayawada
2021-04-28 03:00:00,40,29,0.0,12.8,9,83,07:53 PM,06:37 AM,05:45 AM,06:26 PM,24,33,33,29,10,5,74,0.0,1007,29,10,147,9,Vijayawada
2021-04-28 06:00:00,40,29,0.0,12.8,9,83,07:53 PM,06:37 AM,05:45 AM,06:26 PM,23,34,34,30,12,4,68,0.0,1009,30,10,155,10,Vijayawada
2021-04-28 09:00:00,40,29,0.0,12.8,9,83,07:53 PM,06:37 AM,05:45 AM,06:26 PM,21,39,39,35,16,1,47,0.0,1010,35,10,173,14,Vijayawada
2021-04-28 12:00:00,40,29,0.0,12.8,9,83,07:53 PM,06:37 AM,05:45 AM,06:26 PM,19,42,42,39,18,4,31,0.0,1007,39,10,174,15,Vijayawada
2021-04-28 15:00:00,40,29,0.0,12.8,9,83,07:53 PM,06:37 AM,05:45 AM,06:26 PM,18,43,43,40,19,5,28,0.0,1004,40,10,158,16,Vijayawada
2021-04-28 18:00:00,40,29,0.0,12.8,9,83,07:53 PM,06:37 AM,05:45 AM,06:26 PM,19,41,41,38,22,3,40,0.0,1005,38,10,145,18,Vijayawada
2021-04-28 21:00:00,40,29,0.0,12.8,9,83,07:53 PM,06:37 AM,05:45 AM,06:26 PM,23,39,39,34,18,1,63,0.0,1007,34,10,160,14,Vijayawada
2021-04-29 00:00:00,39,29,0.0,12.8,9,75,09:00 PM,07:31 AM,05:44 AM,06:26 PM,24,34,34,30,18,13,70,0.0,1008,30,10,194,14,Vijayawada
2021-04-29 03:00:00,39,29,0.0,12.8,9,75,09:00 PM,07:31 AM,05:44 AM,06:26 PM,24,33,33,29,16,25,76,0.0,1008,29,10,171,12,Vijayawada
2021-04-29 06:00:00,39,29,0.0,12.8,9,75,09:00 PM,07:31 AM,05:44 AM,06:26 PM,23,34,34,30,17,24,70,0.0,1009,30,9,162,13,Vijayawada
2021-04-29 09:00:00,39,29,0.0,12.8,9,75,09:00 PM,07:31 AM,05:44 AM,06:26 PM,21,38,38,34,18,10,46,0.0,1010,34,10,159,16,Vijayawada
2021-04-29 12:00:00,39,29,0.0,12.8,9,75,09:00 PM,07:31 AM,05:44 AM,06:26 PM,18,41,41,39,17,9,31,0.0,1007,39,10,166,15,Vijayawada
2021-04-29 15:00:00,39,29,0.0,12.8,9,75,09:00 PM,07:31 AM,05:44 AM,06:26 PM,18,42,42,39,22,8,30,0.0,1005,39,10,172,18,Vijayawada
2021-04-29 18:00:00,39,29,0.0,12.8,9,75,09:00 PM,07:31 AM,05:44 AM,06:26 PM,20,40,40,36,28,28,43,0.1,1005,36,10,140,22,Vijayawada
2021-04-29 21:00:00,39,29,0.0,12.8,9,75,09:00 PM,07:31 AM,05:44 AM,06:26 PM,22,38,38,34,26,76,64,0.2,1009,34,10,104,18,Vijayawada
2021-04-30 00:00:00,39,29,0.0,12.8,9,67,10:05 PM,08:27 AM,05:43 AM,06:26 PM,24,35,35,30,12,1,71,0.0,1007,30,10,161,10,Vijayawada
2021-04-30 03:00:00,39,29,0.0,12.8,9,67,10:05 PM,08:27 AM,05:43 AM,06:26 PM,24,33,33,29,9,7,77,0.0,1007,29,10,152,7,Vijayawada
2021-04-30 06:00:00,39,29,0.0,12.8,9,67,10:05 PM,08:27 AM,05:43 AM,06:26 PM,23,33,33,29,11,21,72,0.0,1008,29,10,177,9,Vijayawada
2021-04-30 09:00:00,39,29,0.0,12.8,9,67,10:05 PM,08:27 AM,05:43 AM,06:26 PM,22,38,38,34,14,25,49,0.0,1009,34,10,200,13,Vijayawada
2021-04-30 12:00:00,39,29,0.0,12.8,9,67,10:05 PM,08:27 AM,05:43 AM,06:26 PM,19,42,42,39,17,12,33,0.0,1007,39,10,177,15,Vijayawada
2021-04-30 15:00:00,39,29,0.0,12.8,9,67,10:05 PM,08:27 AM,05:43 AM,06:26 PM,18,42,42,39,25,15,30,0.0,1004,39,10,168,21,Vijayawada
2021-04-30 18:00:00,39,29,0.0,12.8,9,67,10:05 PM,08:27 AM,05:43 AM,06:26 PM,19,37,37,35,29,5,44,0.0,1005,35,10,154,24,Vijayawada
2021-04-30 21:00:00,39,29,0.0,12.8,9,67,10:05 PM,08:27 AM,05:43 AM,06:26 PM,22,35,35,31,23,3,64,0.0,1007,31,10,139,17,Vijayawada
2021-05-01 00:00:00,37,28,0.0,12.8,8,65,11:08 PM,09:28 AM,05:43 AM,06:27 PM,23,34,34,29,12,3,71,0.0,1007,29,10,155,10,Vijayawada
2021-05-01 03:00:00,37,28,0.0,12.8,8,65,11:08 PM,09:28 AM,05:43 AM,06:27 PM,24,32,32,28,10,5,75,0.0,1007,28,10,152,8,Vijayawada
2021-05-01 06:00:00,37,28,0.0,12.8,8,65,11:08 PM,09:28 AM,05:43 AM,06:27 PM,23,33,33,29,15,7,69,0.0,1008,29,10,168,12,Vijayawada
2021-05-01 09:00:00,37,28,0.0,12.8,8,65,11:08 PM,09:28 AM,05:43 AM,06:27 PM,21,37,37,34,20,6,47,0.0,1009,34,10,171,17,Vijayawada
2021-05-01 12:00:00,37,28,0.0,12.8,8,65,11:08 PM,09:28 AM,05:43 AM,06:27 PM,19,41,41,37,21,12,34,0.0,1007,37,10,180,18,Vijayawada
2021-05-01 15:00:00,37,28,0.0,12.8,8,65,11:08 PM,09:28 AM,05:43 AM,06:27 PM,19,40,40,37,26,11,35,0.0,1005,37,10,174,22,Vijayawada
2021-05-01 18:00:00,37,28,0.0,12.8,8,65,11:08 PM,09:28 AM,05:43 AM,06:27 PM,20,36,36,33,28,2,49,0.0,1006,33,10,166,23,Vijayawada
2021-05-01 21:00:00,37,28,0.0,12.8,8,65,11:08 PM,09:28 AM,05:43 AM,06:27 PM,22,33,33,29,23,1,65,0.0,1008,29,10,144,17,Vijayawada
2021-05-02 00:00:00,38,29,0.0,12.9,8,58,No moonrise,10:30 AM,05:42 AM,06:27 PM,24,34,34,29,12,3,73,0.0,1009,29,10,120,10,Vijayawada
2021-05-02 03:00:00,38,29,0.0,12.9,8,58,No moonrise,10:30 AM,05:42 AM,06:27 PM,24,33,33,29,9,4,77,0.0,1008,29,10,148,8,Vijayawada
2021-05-02 06:00:00,38,29,0.0,12.9,8,58,No moonrise,10:30 AM,05:42 AM,06:27 PM,23,33,33,29,15,5,71,0.0,1008,29,10,199,12,Vijayawada
2021-05-02 09:00:00,38,29,0.0,12.9,8,58,No moonrise,10:30 AM,05:42 AM,06:27 PM,21,38,38,34,18,7,48,0.0,1010,34,10,178,16,Vijayawada
2021-05-02 12:00:00,38,29,0.0,12.9,8,58,No moonrise,10:30 AM,05:42 AM,06:27 PM,19,41,41,38,19,12,33,0.0,1007,38,10,174,17,Vijayawada
2021-05-02 15:00:00,38,29,0.0,12.9,8,58,No moonrise,10:30 AM,05:42 AM,06:27 PM,19,41,41,38,24,11,33,0.0,1005,38,10,177,21,Vijayawada
2021-05-02 18:00:00,38,29,0.0,12.9,8,58,No moonrise,10:30 AM,05:42 AM,06:27 PM,21,38,38,35,29,8,48,0.0,1005,35,10,165,24,Vijayawada
2021-05-02 21:00:00,38,29,0.0,12.9,8,58,No moonrise,10:30 AM,05:42 AM,06:27 PM,23,35,35,32,21,5,69,0.0,1008,32,10,160,16,Vijayawada
2021-05-03 00:00:00,39,28,0.0,12.9,8,50,12:05 AM,11:31 AM,05:42 AM,06:27 PM,25,35,35,30,12,5,76,0.0,1008,30,10,143,10,Vijayawada
2021-05-03 03:00:00,39,28,0.0,12.9,8,50,12:05 AM,11:31 AM,05:42 AM,06:27 PM,24,32,32,28,8,16,78,0.0,1007,28,10,135,7,Vijayawada
2021-05-03 06:00:00,39,28,0.0,12.9,8,50,12:05 AM,11:31 AM,05:42 AM,06:27 PM,23,33,33,29,8,13,72,0.0,1008,29,10,173,7,Vijayawada
2021-05-03 09:00:00,39,28,0.0,12.9,8,50,12:05 AM,11:31 AM,05:42 AM,06:27 PM,21,38,38,34,14,6,48,0.0,1009,34,10,184,12,Vijayawada
2021-05-03 12:00:00,39,28,0.0,12.9,8,50,12:05 AM,11:31 AM,05:42 AM,06:27 PM,18,42,42,39,18,17,31,0.0,1006,39,10,169,15,Vijayawada
2021-05-03 15:00:00,39,28,0.0,12.9,8,50,12:05 AM,11:31 AM,05:42 AM,06:27 PM,19,41,41,37,25,44,36,0.2,1004,37,10,166,21,Vijayawada
2021-05-03 18:00:00,39,28,0.0,12.9,8,50,12:05 AM,11:31 AM,05:42 AM,06:27 PM,21,35,35,31,32,75,56,0.4,1005,31,10,128,26,Vijayawada
2021-05-03 21:00:00,39,28,0.0,12.9,8,50,12:05 AM,11:31 AM,05:42 AM,06:27 PM,21,31,31,29,28,58,63,0.1,1008,29,10,90,22,Vijayawada
2021-05-04 00:00:00,37,29,0.0,12.9,8,43,12:56 AM,12:28 PM,05:42 AM,06:27 PM,24,34,34,29,11,51,71,0.1,1007,29,10,159,10,Vijayawada
2021-05-04 03:00:00,37,29,0.0,12.9,8,43,12:56 AM,12:28 PM,05:42 AM,06:27 PM,24,33,33,29,12,13,77,0.0,1006,29,10,174,10,Vijayawada
2021-05-04 06:00:00,37,29,0.0,12.9,8,43,12:56 AM,12:28 PM,05:42 AM,06:27 PM,24,33,33,29,10,41,74,0.0,1008,29,9,187,8,Vijayawada
2021-05-04 09:00:00,37,29,0.0,12.9,8,43,12:56 AM,12:28 PM,05:42 AM,06:27 PM,23,36,36,31,10,48,61,0.0,1010,31,10,205,9,Vijayawada
2021-05-04 12:00:00,37,29,0.0,12.9,8,43,12:56 AM,12:28 PM,05:42 AM,06:27 PM,20,39,39,35,13,21,43,0.0,1008,35,10,223,12,Vijayawada
2021-05-04 15:00:00,37,29,0.0,12.9,8,43,12:56 AM,12:28 PM,05:42 AM,06:27 PM,19,40,40,37,15,17,33,0.0,1004,37,10,218,13,Vijayawada
2021-05-04 18:00:00,37,29,0.0,12.9,8,43,12:56 AM,12:28 PM,05:42 AM,06:27 PM,19,38,38,36,21,8,40,0.0,1004,36,10,185,17,Vijayawada
2021-05-04 21:00:00,37,29,0.0,12.9,8,43,12:56 AM,12:28 PM,05:42 AM,06:27 PM,22,35,35,32,18,7,60,0.0,1007,32,10,155,14,Vijayawada
2021-05-05 00:00:00,38,24,0.0,12.9,8,36,01:41 AM,01:23 PM,05:41 AM,06:28 PM,23,27,27,24,15,56,68,1.1,1006,24,9,182,11,Vijayawada
2021-05-05 03:00:00,38,24,0.0,12.9,8,36,01:41 AM,01:23 PM,05:41 AM,06:28 PM,24,33,33,29,13,5,73,0.0,1006,29,10,175,10,Vijayawada
2021-05-05 06:00:00,38,24,0.0,12.9,8,36,01:41 AM,01:23 PM,05:41 AM,06:28 PM,23,35,35,30,12,6,67,0.0,1008,30,10,174,10,Vijayawada
2021-05-05 09:00:00,38,24,0.0,12.9,8,36,01:41 AM,01:23 PM,05:41 AM,06:28 PM,21,38,38,35,17,7,46,0.0,1009,35,10,172,14,Vijayawada
2021-05-05 12:00:00,38,24,0.0,12.9,8,36,01:41 AM,01:23 PM,05:41 AM,06:28 PM,19,42,42,38,19,10,33,0.0,1006,38,10,174,17,Vijayawada
2021-05-05 15:00:00,38,24,0.0,12.9,8,36,01:41 AM,01:23 PM,05:41 AM,06:28 PM,20,42,42,38,25,12,35,0.0,1004,38,10,177,21,Vijayawada
2021-05-05 18:00:00,38,24,0.0,12.9,8,36,01:41 AM,01:23 PM,05:41 AM,06:28 PM,21,37,37,33,28,8,52,0.0,1005,33,10,153,22,Vijayawada
2021-05-05 21:00:00,38,24,0.0,12.9,8,36,01:41 AM,01:23 PM,05:41 AM,06:28 PM,23,34,34,30,25,10,67,0.0,1007,30,10,132,19,Vijayawada
2021-05-06 00:00:00,38,29,0.0,12.9,9,29,02:21 AM,02:14 PM,05:41 AM,06:28 PM,23,34,34,29,22,13,70,0.0,1007,29,10,145,16,Vijayawada
2021-05-06 03:00:00,38,29,0.0,12.9,9,29,02:21 AM,02:14 PM,05:41 AM,06:28 PM,24,33,33,29,18,23,72,0.0,1007,29,10,153,13,Vijayawada
2021-05-06 06:00:00,38,29,0.0,12.9,9,29,02:21 AM,02:14 PM,05:41 AM,06:28 PM,23,35,35,30,18,25,66,0.0,1009,30,10,165,14,Vijayawada
2021-05-06 09:00:00,38,29,0.0,12.9,9,29,02:21 AM,02:14 PM,05:41 AM,06:28 PM,21,39,39,35,22,9,46,0.0,1010,35,10,173,19,Vijayawada
2021-05-06 12:00:00,38,29,0.0,12.9,9,29,02:21 AM,02:14 PM,05:41 AM,06:28 PM,19,42,42,38,24,12,34,0.0,1008,38,10,173,21,Vijayawada
2021-05-06 15:00:00,38,29,0.0,12.9,9,29,02:21 AM,02:14 PM,05:41 AM,06:28 PM,19,41,41,38,22,36,33,0.0,1006,38,10,175,18,Vijayawada
2021-05-06 18:00:00,38,29,0.0,12.9,9,29,02:21 AM,02:14 PM,05:41 AM,06:28 PM,20,37,37,34,20,83,44,0.1,1006,34,10,164,15,Vijayawada
2021-05-06 21:00:00,38,29,0.0,12.9,9,29,02:21 AM,02:14 PM,05:41 AM,06:28 PM,22,34,34,30,22,86,62,0.1,1008,30,10,161,16,Vijayawada
2021-05-07 00:00:00,38,29,0.0,12.9,8,21,02:58 AM,03:03 PM,05:40 AM,06:28 PM,23,34,34,29,12,19,70,0.0,1009,29,10,150,10,Vijayawada
2021-05-07 03:00:00,38,29,0.0,12.9,8,21,02:58 AM,03:03 PM,05:40 AM,06:28 PM,24,33,33,29,9,33,76,0.0,1009,29,10,153,7,Vijayawada
2021-05-07 06:00:00,38,29,0.0,12.9,8,21,02:58 AM,03:03 PM,05:40 AM,06:28 PM,24,34,34,30,10,40,71,0.0,1010,30,10,144,8,Vijayawada
2021-05-07 09:00:00,38,29,0.0,12.9,8,21,02:58 AM,03:03 PM,05:40 AM,06:28 PM,21,39,39,35,18,11,47,0.0,1011,35,10,172,16,Vijayawada
2021-05-07 12:00:00,38,29,0.0,12.9,8,21,02:58 AM,03:03 PM,05:40 AM,06:28 PM,19,42,42,38,18,23,33,0.0,1009,38,10,177,16,Vijayawada
2021-05-07 15:00:00,38,29,0.0,12.9,8,21,02:58 AM,03:03 PM,05:40 AM,06:28 PM,19,40,40,37,16,56,36,1.4,1006,37,10,165,14,Vijayawada
2021-05-07 18:00:00,38,29,0.0,12.9,8,21,02:58 AM,03:03 PM,05:40 AM,06:28 PM,21,36,36,32,14,86,52,2.8,1007,32,9,147,11,Vijayawada
2021-05-07 21:00:00,38,29,0.0,12.9,8,21,02:58 AM,03:03 PM,05:40 AM,06:28 PM,23,34,34,30,22,61,66,0.1,1008,30,10,160,16,Vijayawada
2021-05-08 00:00:00,38,29,0.0,12.9,8,14,03:34 AM,03:50 PM,05:40 AM,06:29 PM,24,35,35,29,17,33,75,0.0,1009,29,10,150,13,Vijayawada
2021-05-08 03:00:00,38,29,0.0,12.9,8,14,03:34 AM,03:50 PM,05:40 AM,06:29 PM,24,34,34,29,13,38,76,0.0,1009,29,10,162,10,Vijayawada
2021-05-08 06:00:00,38,29,0.0,12.9,8,14,03:34 AM,03:50 PM,05:40 AM,06:29 PM,23,35,35,30,13,23,69,0.0,1010,30,10,175,10,Vijayawada
2021-05-08 09:00:00,38,29,0.0,12.9,8,14,03:34 AM,03:50 PM,05:40 AM,06:29 PM,21,39,39,35,19,21,47,0.0,1010,35,10,183,17,Vijayawada
2021-05-08 12:00:00,38,29,0.0,12.9,8,14,03:34 AM,03:50 PM,05:40 AM,06:29 PM,20,42,42,38,19,58,35,0.1,1007,38,10,162,16,Vijayawada
2021-05-08 15:00:00,38,29,0.0,12.9,8,14,03:34 AM,03:50 PM,05:40 AM,06:29 PM,20,40,40,36,21,59,39,0.1,1004,36,9,148,17,Vijayawada
2021-05-08 18:00:00,38,29,0.0,12.9,8,14,03:34 AM,03:50 PM,05:40 AM,06:29 PM,21,36,36,32,24,14,53,0.0,1005,32,10,164,18,Vijayawada
2021-05-08 21:00:00,38,29,0.0,12.9,8,14,03:34 AM,03:50 PM,05:40 AM,06:29 PM,23,34,34,30,23,14,64,0.0,1008,30,10,142,17,Vijayawada
2021-05-09 00:00:00,38,29,0.0,12.9,8,7,04:08 AM,04:37 PM,05:39 AM,06:29 PM,24,34,34,30,16,14,72,0.0,1008,30,10,141,12,Vijayawada
2021-05-09 03:00:00,38,29,0.0,12.9,8,7,04:08 AM,04:37 PM,05:39 AM,06:29 PM,24,34,34,29,11,25,76,0.0,1007,29,10,158,9,Vijayawada
2021-05-09 06:00:00,38,29,0.0,12.9,8,7,04:08 AM,04:37 PM,05:39 AM,06:29 PM,24,35,35,30,14,22,70,0.0,1008,30,10,169,11,Vijayawada
2021-05-09 09:00:00,38,29,0.0,12.9,8,7,04:08 AM,04:37 PM,05:39 AM,06:29 PM,22,39,39,34,17,19,50,0.0,1009,34,10,165,15,Vijayawada
2021-05-09 12:00:00,38,29,0.0,12.9,8,7,04:08 AM,04:37 PM,05:39 AM,06:29 PM,20,41,41,37,18,16,37,0.0,1007,37,10,168,15,Vijayawada
2021-05-09 15:00:00,38,29,0.0,12.9,8,7,04:08 AM,04:37 PM,05:39 AM,06:29 PM,20,42,42,38,21,14,37,0.0,1004,38,10,179,18,Vijayawada
2021-05-09 18:00:00,38,29,0.0,12.9,8,7,04:08 AM,04:37 PM,05:39 AM,06:29 PM,21,38,38,34,27,32,50,0.1,1004,34,10,166,22,Vijayawada
2021-05-09 21:00:00,38,29,0.0,12.9,8,7,04:08 AM,04:37 PM,05:39 AM,06:29 PM,23,35,35,30,24,82,66,0.2,1006,30,10,152,19,Vijayawada
2021-05-10 00:00:00,39,29,0.0,12.9,8,0,04:42 AM,05:25 PM,05:39 AM,06:29 PM,24,35,35,30,21,27,73,0.0,1006,30,10,169,15,Vijayawada
2021-05-10 03:00:00,39,29,0.0,12.9,8,0,04:42 AM,05:25 PM,05:39 AM,06:29 PM,25,35,35,29,16,59,79,0.0,1006,29,10,179,12,Vijayawada
2021-05-10 06:00:00,39,29,0.0,12.9,8,0,04:42 AM,05:25 PM,05:39 AM,06:29 PM,24,35,35,30,14,38,72,0.0,1007,30,9,178,11,Vijayawada
2021-05-10 09:00:00,39,29,0.0,12.9,8,0,04:42 AM,05:25 PM,05:39 AM,06:29 PM,22,40,40,35,17,22,48,0.0,1008,35,10,193,15,Vijayawada
2021-05-10 12:00:00,39,29,0.0,12.9,8,0,04:42 AM,05:25 PM,05:39 AM,06:29 PM,20,43,43,39,21,25,34,0.0,1006,39,10,184,18,Vijayawada
2021-05-10 15:00:00,39,29,0.0,12.9,8,0,04:42 AM,05:25 PM,05:39 AM,06:29 PM,19,42,42,38,27,19,34,0.0,1003,38,10,175,23,Vijayawada
2021-05-10 18:00:00,39,29,0.0,12.9,8,0,04:42 AM,05:25 PM,05:39 AM,06:29 PM,20,38,38,35,24,33,44,0.1,1004,35,10,201,21,Vijayawada
2021-05-10 21:00:00,39,29,0.0,12.9,8,0,04:42 AM,05:25 PM,05:39 AM,06:29 PM,23,36,36,31,19,57,62,0.2,1007,31,9,227,15,Vijayawada
2021-05-11 00:00:00,40,30,0.0,12.9,8,0,05:18 AM,06:13 PM,05:39 AM,06:30 PM,25,36,36,30,11,50,71,0.0,1006,30,9,159,9,Vijayawada
2021-05-11 03:00:00,40,30,0.0,12.9,8,0,05:18 AM,06:13 PM,05:39 AM,06:30 PM,24,35,35,30,15,88,73,0.3,1005,30,10,166,12,Vijayawada
2021-05-11 06:00:00,40,30,0.0,12.9,8,0,05:18 AM,06:13 PM,05:39 AM,06:30 PM,23,35,35,31,21,64,66,0.5,1006,31,10,188,15,Vijayawada
2021-05-11 09:00:00,40,30,0.0,12.9,8,0,05:18 AM,06:13 PM,05:39 AM,06:30 PM,21,40,40,35,18,16,45,0.0,1007,35,10,187,15,Vijayawada
2021-05-11 12:00:00,40,30,0.0,12.9,8,0,05:18 AM,06:13 PM,05:39 AM,06:30 PM,20,44,44,40,20,18,32,0.0,1004,40,10,185,17,Vijayawada
2021-05-11 15:00:00,40,30,0.0,12.9,8,0,05:18 AM,06:13 PM,05:39 AM,06:30 PM,20,44,44,39,24,28,33,0.0,1002,39,9,180,20,Vijayawada
2021-05-11 18:00:00,40,30,0.0,12.9,8,0,05:18 AM,06:13 PM,05:39 AM,06:30 PM,21,39,39,35,24,39,46,0.2,1003,35,10,203,20,Vijayawada
2021-05-11 21:00:00,40,30,0.0,12.9,8,0,05:18 AM,06:13 PM,05:39 AM,06:30 PM,23,36,36,31,18,52,61,0.5,1005,31,9,191,14,Vijayawada
2021-05-12 00:00:00,39,27,0.0,11.9,8,0,05:55 AM,07:02 PM,05:38 AM,06:30 PM,25,36,36,30,18,11,73,0.0,1005,30,10,157,14,Vijayawada
2021-05-12 03:00:00,39,27,0.0,11.9,8,0,05:55 AM,07:02 PM,05:38 AM,06:30 PM,25,36,36,30,17,29,77,0.0,1005,30,10,155,12,Vijayawada
2021-05-12 06:00:00,39,27,0.0,11.9,8,0,05:55 AM,07:02 PM,05:38 AM,06:30 PM,25,37,37,31,17,32,70,0.0,1006,31,9,173,13,Vijayawada
2021-05-12 09:00:00,39,27,0.0,11.9,8,0,05:55 AM,07:02 PM,05:38 AM,06:30 PM,23,41,41,36,20,24,48,0.0,1006,36,10,184,18,Vijayawada
2021-05-12 12:00:00,39,27,0.0,11.9,8,0,05:55 AM,07:02 PM,05:38 AM,06:30 PM,22,45,45,39,22,58,38,0.1,1003,39,9,173,19,Vijayawada
2021-05-12 15:00:00,39,27,0.0,11.9,8,0,05:55 AM,07:02 PM,05:38 AM,06:30 PM,20,40,40,36,21,82,39,3.0,1001,36,10,184,17,Vijayawada
2021-05-12 18:00:00,39,27,0.0,11.9,8,0,05:55 AM,07:02 PM,05:38 AM,06:30 PM,18,32,32,30,18,88,47,6.0,1002,30,9,198,11,Vijayawada
2021-05-12 21:00:00,39,27,0.0,11.9,8,0,05:55 AM,07:02 PM,05:38 AM,06:30 PM,22,30,30,27,17,86,58,1.1,1003,27,9,131,11,Vijayawada
2021-05-13 00:00:00,39,30,0.0,12.9,8,8,06:35 AM,07:53 PM,05:38 AM,06:30 PM,25,36,36,30,21,67,77,18.1,1003,30,9,171,12,Vijayawada
2021-05-13 03:00:00,39,30,0.0,12.9,8,8,06:35 AM,07:53 PM,05:38 AM,06:30 PM,26,37,37,30,18,55,82,0.0,1003,30,10,184,13,Vijayawada
2021-05-13 06:00:00,39,30,0.0,12.9,8,8,06:35 AM,07:53 PM,05:38 AM,06:30 PM,26,38,38,31,16,47,76,0.0,1004,31,9,195,12,Vijayawada
2021-05-13 09:00:00,39,30,0.0,12.9,8,8,06:35 AM,07:53 PM,05:38 AM,06:30 PM,24,42,42,35,17,32,53,0.0,1005,35,9,207,14,Vijayawada
2021-05-13 12:00:00,39,30,0.0,12.9,8,8,06:35 AM,07:53 PM,05:38 AM,06:30 PM,21,44,44,39,13,41,37,0.0,1003,39,10,207,12,Vijayawada
2021-05-13 15:00:00,39,30,0.0,12.9,8,8,06:35 AM,07:53 PM,05:38 AM,06:30 PM,22,42,42,37,15,63,43,0.1,1000,37,9,206,12,Vijayawada
2021-05-13 18:00:00,39,30,0.0,12.9,8,8,06:35 AM,07:53 PM,05:38 AM,06:30 PM,23,36,36,32,18,56,59,0.1,1001,32,10,228,13,Vijayawada
2021-05-13 21:00:00,39,30,0.0,12.9,8,8,06:35 AM,07:53 PM,05:38 AM,06:30 PM,24,37,37,31,15,88,66,0.3,1003,31,9,165,12,Vijayawada
2021-05-14 00:00:00,38,29,0.0,12.9,8,15,07:19 AM,08:45 PM,05:38 AM,06:30 PM,24,36,36,30,21,51,72,1.0,1003,30,10,171,15,Vijayawada
2021-05-14 03:00:00,38,29,0.0,12.9,8,15,07:19 AM,08:45 PM,05:38 AM,06:30 PM,26,38,38,30,18,41,76,0.0,1003,30,9,176,14,Vijayawada
2021-05-14 06:00:00,38,29,0.0,12.9,8,15,07:19 AM,08:45 PM,05:38 AM,06:30 PM,25,38,38,31,17,30,71,0.0,1004,31,9,177,14,Vijayawada
2021-05-14 09:00:00,38,29,0.0,12.9,8,15,07:19 AM,08:45 PM,05:38 AM,06:30 PM,23,41,41,35,20,10,53,0.0,1004,35,10,178,17,Vijayawada
2021-05-14 12:00:00,38,29,0.0,12.9,8,15,07:19 AM,08:45 PM,05:38 AM,06:30 PM,22,44,44,38,22,15,40,0.0,1003,38,10,182,19,Vijayawada
2021-05-14 15:00:00,38,29,0.0,12.9,8,15,07:19 AM,08:45 PM,05:38 AM,06:30 PM,21,42,42,37,22,14,40,0.0,1001,37,10,172,19,Vijayawada
2021-05-14 18:00:00,38,29,0.0,12.9,8,15,07:19 AM,08:45 PM,05:38 AM,06:30 PM,22,39,39,34,23,31,50,0.2,1002,34,10,163,19,Vijayawada
2021-05-14 21:00:00,38,29,0.0,12.9,8,15,07:19 AM,08:45 PM,05:38 AM,06:30 PM,24,34,34,29,19,71,68,0.5,1004,29,10,153,15,Vijayawada
2021-05-15 00:00:00,38,30,0.0,12.9,8,22,08:06 AM,09:38 PM,05:37 AM,06:31 PM,25,36,36,30,19,24,75,0.0,1003,30,10,149,14,Vijayawada
2021-05-15 03:00:00,38,30,0.0,12.9,8,22,08:06 AM,09:38 PM,05:37 AM,06:31 PM,25,35,35,30,16,43,77,0.0,1003,30,10,136,12,Vijayawada
2021-05-15 06:00:00,38,30,0.0,12.9,8,22,08:06 AM,09:38 PM,05:37 AM,06:31 PM,25,37,37,31,18,26,70,0.0,1004,31,10,135,14,Vijayawada
2021-05-15 09:00:00,38,30,0.0,12.9,8,22,08:06 AM,09:38 PM,05:37 AM,06:31 PM,23,41,41,35,28,16,49,0.0,1004,35,10,145,24,Vijayawada
2021-05-15 12:00:00,38,30,0.0,12.9,8,22,08:06 AM,09:38 PM,05:37 AM,06:31 PM,21,43,43,38,33,18,37,0.0,1002,38,10,145,29,Vijayawada
2021-05-15 15:00:00,38,30,0.0,12.9,8,22,08:06 AM,09:38 PM,05:37 AM,06:31 PM,21,42,42,37,33,8,41,0.0,1001,37,10,147,28,Vijayawada
2021-05-15 18:00:00,38,30,0.0,12.9,8,22,08:06 AM,09:38 PM,05:37 AM,06:31 PM,23,38,38,33,32,21,56,0.0,1001,33,10,140,26,Vijayawada
2021-05-15 21:00:00,38,30,0.0,12.9,8,22,08:06 AM,09:38 PM,05:37 AM,06:31 PM,25,37,37,31,29,61,70,0.0,1003,31,10,140,22,Vijayawada
2021-05-16 00:00:00,35,30,0.0,8.1,7,29,08:57 AM,10:28 PM,05:37 AM,06:31 PM,25,36,36,30,28,56,75,0.0,1004,30,9,149,20,Vijayawada
2021-05-16 03:00:00,35,30,0.0,8.1,7,29,08:57 AM,10:28 PM,05:37 AM,06:31 PM,25,35,35,30,27,73,77,0.2,1004,30,10,152,19,Vijayawada
2021-05-16 06:00:00,35,30,0.0,8.1,7,29,08:57 AM,10:28 PM,05:37 AM,06:31 PM,24,36,36,30,25,80,71,0.3,1005,30,9,153,19,Vijayawada
2021-05-16 09:00:00,35,30,0.0,8.1,7,29,08:57 AM,10:28 PM,05:37 AM,06:31 PM,23,39,39,33,27,77,57,0.2,1006,33,10,155,23,Vijayawada
2021-05-16 12:00:00,35,30,0.0,8.1,7,29,08:57 AM,10:28 PM,05:37 AM,06:31 PM,23,41,41,35,29,81,49,0.2,1004,35,10,155,25,Vijayawada
2021-05-16 15:00:00,35,30,0.0,8.1,7,29,08:57 AM,10:28 PM,05:37 AM,06:31 PM,23,40,40,34,30,90,52,0.4,1003,34,10,155,24,Vijayawada
2021-05-16 18:00:00,35,30,0.0,8.1,7,29,08:57 AM,10:28 PM,05:37 AM,06:31 PM,24,38,38,33,28,65,60,0.3,1004,33,9,138,22,Vijayawada
2021-05-16 21:00:00,35,30,0.0,8.1,7,29,08:57 AM,10:28 PM,05:37 AM,06:31 PM,25,36,36,30,24,35,72,0.0,1005,30,10,132,17,Vijayawada
2021-05-17 00:00:00,38,29,0.0,12.9,7,37,09:50 AM,11:18 PM,05:37 AM,06:31 PM,25,36,36,30,22,62,78,0.0,1006,30,10,143,15,Vijayawada
2021-05-17 03:00:00,38,29,0.0,12.9,7,37,09:50 AM,11:18 PM,05:37 AM,06:31 PM,25,35,35,29,20,88,79,0.1,1005,29,10,149,14,Vijayawada
2021-05-17 06:00:00,38,29,0.0,12.9,7,37,09:50 AM,11:18 PM,05:37 AM,06:31 PM,24,36,36,31,22,65,71,0.1,1006,31,9,153,16,Vijayawada
2021-05-17 09:00:00,38,29,0.0,12.9,7,37,09:50 AM,11:18 PM,05:37 AM,06:31 PM,23,41,41,35,27,36,50,0.0,1007,35,10,163,23,Vijayawada
2021-05-17 12:00:00,38,29,0.0,12.9,7,37,09:50 AM,11:18 PM,05:37 AM,06:31 PM,22,43,43,38,31,49,40,0.0,1005,38,10,172,27,Vijayawada
2021-05-17 15:00:00,38,29,0.0,12.9,7,37,09:50 AM,11:18 PM,05:37 AM,06:31 PM,22,42,42,37,30,22,42,0.0,1003,37,10,170,26,Vijayawada
2021-05-17 18:00:00,38,29,0.0,12.9,7,37,09:50 AM,11:18 PM,05:37 AM,06:31 PM,23,39,39,33,27,5,55,0.0,1004,33,10,159,23,Vijayawada
2021-05-17 21:00:00,38,29,0.0,12.9,7,37,09:50 AM,11:18 PM,05:37 AM,06:31 PM,24,36,36,31,24,16,69,0.0,1006,31,10,148,18,Vijayawada
2021-05-18 00:00:00,38,29,0.0,13.0,8,44,10:44 AM,No moonset,05:36 AM,06:32 PM,25,36,36,30,19,24,75,0.0,1006,30,10,156,14,Vijayawada
2021-05-18 03:00:00,38,29,0.0,13.0,8,44,10:44 AM,No moonset,05:36 AM,06:32 PM,25,35,35,29,19,46,77,0.0,1005,29,10,161,13,Vijayawada
2021-05-18 06:00:00,38,29,0.0,13.0,8,44,10:44 AM,No moonset,05:36 AM,06:32 PM,24,36,36,31,17,47,71,0.0,1006,31,10,164,13,Vijayawada
2021-05-18 09:00:00,38,29,0.0,13.0,8,44,10:44 AM,No moonset,05:36 AM,06:32 PM,23,40,40,35,20,21,50,0.0,1007,35,10,175,18,Vijayawada
2021-05-18 12:00:00,38,29,0.0,13.0,8,44,10:44 AM,No moonset,05:36 AM,06:32 PM,21,43,43,38,24,15,38,0.0,1005,38,10,177,21,Vijayawada
2021-05-18 15:00:00,38,29,0.0,13.0,8,44,10:44 AM,No moonset,05:36 AM,06:32 PM,20,42,42,38,24,9,37,0.0,1003,38,10,174,21,Vijayawada
2021-05-18 18:00:00,38,29,0.0,13.0,8,44,10:44 AM,No moonset,05:36 AM,06:32 PM,22,39,39,34,24,0,49,0.0,1004,34,10,166,20,Vijayawada
2021-05-18 21:00:00,38,29,0.0,13.0,8,44,10:44 AM,No moonset,05:36 AM,06:32 PM,24,37,37,31,25,16,69,0.0,1006,31,10,166,19,Vijayawada
2021-05-19 00:00:00,39,30,0.0,13.0,9,51,11:40 AM,12:04 AM,05:36 AM,06:32 PM,25,36,36,30,22,45,76,0.0,1006,30,10,180,16,Vijayawada
2021-05-19 03:00:00,39,30,0.0,13.0,9,51,11:40 AM,12:04 AM,05:36 AM,06:32 PM,25,36,36,30,20,40,77,0.0,1005,30,10,177,15,Vijayawada
2021-05-19 06:00:00,39,30,0.0,13.0,9,51,11:40 AM,12:04 AM,05:36 AM,06:32 PM,24,37,37,31,21,31,69,0.0,1006,31,10,172,16,Vijayawada
2021-05-19 09:00:00,39,30,0.0,13.0,9,51,11:40 AM,12:04 AM,05:36 AM,06:32 PM,23,41,41,35,21,50,52,0.0,1006,35,10,182,18,Vijayawada
2021-05-19 12:00:00,39,30,0.0,13.0,9,51,11:40 AM,12:04 AM,05:36 AM,06:32 PM,21,44,44,39,21,39,37,0.0,1004,39,10,184,18,Vijayawada
2021-05-19 15:00:00,39,30,0.0,13.0,9,51,11:40 AM,12:04 AM,05:36 AM,06:32 PM,20,44,44,39,24,8,33,0.0,1001,39,10,172,22,Vijayawada
2021-05-19 18:00:00,39,30,0.0,13.0,9,51,11:40 AM,12:04 AM,05:36 AM,06:32 PM,22,41,41,37,27,5,48,0.0,1001,37,10,168,23,Vijayawada
2021-05-19 21:00:00,39,30,0.0,13.0,9,51,11:40 AM,12:04 AM,05:36 AM,06:32 PM,25,39,39,34,25,16,68,0.0,1004,34,10,168,19,Vijayawada
2021-05-20 00:00:00,40,30,0.0,13.0,8,58,12:35 PM,12:49 AM,05:36 AM,06:33 PM,25,37,37,31,21,33,72,0.2,1005,31,10,174,15,Vijayawada
2021-05-20 03:00:00,40,30,0.0,13.0,8,58,12:35 PM,12:49 AM,05:36 AM,06:33 PM,24,36,36,30,16,78,69,0.7,1005,30,9,199,12,Vijayawada
2021-05-20 06:00:00,40,30,0.0,13.0,8,58,12:35 PM,12:49 AM,05:36 AM,06:33 PM,23,36,36,31,13,65,64,0.5,1006,31,9,234,10,Vijayawada
2021-05-20 09:00:00,40,30,0.0,13.0,8,58,12:35 PM,12:49 AM,05:36 AM,06:33 PM,22,39,39,35,17,22,47,0.0,1007,35,10,285,15,Vijayawada
2021-05-20 12:00:00,40,30,0.0,13.0,8,58,12:35 PM,12:49 AM,05:36 AM,06:33 PM,20,43,43,39,18,21,34,0.0,1005,39,10,297,16,Vijayawada
2021-05-20 15:00:00,40,30,0.0,13.0,8,58,12:35 PM,12:49 AM,05:36 AM,06:33 PM,18,43,43,40,17,12,28,0.0,1002,40,10,285,15,Vijayawada
2021-05-20 18:00:00,40,30,0.0,13.0,8,58,12:35 PM,12:49 AM,05:36 AM,06:33 PM,18,42,42,39,15,11,31,0.0,1003,39,10,266,12,Vijayawada
2021-05-20 21:00:00,40,30,0.0,13.0,8,58,12:35 PM,12:49 AM,05:36 AM,06:33 PM,20,40,40,36,11,8,40,0.0,1004,36,10,232,9,Vijayawada
2021-05-21 00:00:00,38,32,0.0,13.0,9,66,01:32 PM,01:31 AM,05:36 AM,06:33 PM,24,38,38,32,19,15,62,0.0,1005,32,10,191,14,Vijayawada
2021-05-21 03:00:00,38,32,0.0,13.0,9,66,01:32 PM,01:31 AM,05:36 AM,06:33 PM,24,38,38,32,12,14,63,0.0,1004,32,10,187,10,Vijayawada
2021-05-21 06:00:00,38,32,0.0,13.0,9,66,01:32 PM,01:31 AM,05:36 AM,06:33 PM,23,38,38,33,11,19,58,0.0,1005,33,10,208,9,Vijayawada
2021-05-21 09:00:00,38,32,0.0,13.0,9,66,01:32 PM,01:31 AM,05:36 AM,06:33 PM,21,40,40,36,13,24,42,0.0,1006,36,10,244,12,Vijayawada
2021-05-21 12:00:00,38,32,0.0,13.0,9,66,01:32 PM,01:31 AM,05:36 AM,06:33 PM,20,42,42,38,16,44,34,0.0,1004,38,10,255,14,Vijayawada
2021-05-21 15:00:00,38,32,0.0,13.0,9,66,01:32 PM,01:31 AM,05:36 AM,06:33 PM,19,42,42,38,23,58,34,0.1,1002,38,10,247,19,Vijayawada
2021-05-21 18:00:00,38,32,0.0,13.0,9,66,01:32 PM,01:31 AM,05:36 AM,06:33 PM,20,40,40,36,23,16,40,0.0,1002,36,10,223,19,Vijayawada
2021-05-21 21:00:00,38,32,0.0,13.0,9,66,01:32 PM,01:31 AM,05:36 AM,06:33 PM,22,36,36,32,13,38,56,1.0,1004,32,9,184,9,Vijayawada
